/*
 Navicat Premium Data Transfer

 Source Server         : tencent2
 Source Server Type    : MySQL
 Source Server Version : 50730
 Source Host           : 81.70.7.76
 Source Database       : live

 Target Server Type    : MySQL
 Target Server Version : 50730
 File Encoding         : utf-8

 Date: 10/14/2020 00:03:48 AM
*/

SET NAMES utf8;
SET FOREIGN_KEY_CHECKS = 0;

-- ----------------------------
--  Table structure for `activity`
-- ----------------------------
DROP TABLE IF EXISTS `activity`;
CREATE TABLE `activity` (
  `id` bigint(20) NOT NULL AUTO_INCREMENT COMMENT '主键',
  `name` varchar(100) NOT NULL COMMENT '演出名称',
  `show_start_time` datetime NOT NULL COMMENT '演出起始时间',
  `show_end_time` datetime NOT NULL COMMENT '演出结束时间',
  `venue_city` varchar(50) NOT NULL COMMENT '场地城市',
  `venue_name` varchar(100) NOT NULL,
  `venue_address` varchar(100) NOT NULL,
  `poster_image` varchar(255) NOT NULL COMMENT '海报图片',
  `source_channel` varchar(20) NOT NULL DEFAULT '' COMMENT '数据来源渠道（秀动：SHOWSTART）',
  `source_id` varchar(50) NOT NULL DEFAULT '' COMMENT '数据来源渠道-对象id',
  `source_url` varchar(255) NOT NULL DEFAULT '' COMMENT '来源url',
  `online` int(11) NOT NULL DEFAULT '0' COMMENT '线上活动',
  `artist_id` bigint(20) NOT NULL COMMENT '演出者id',
  `create_time` datetime NOT NULL DEFAULT CURRENT_TIMESTAMP COMMENT '创建时间',
  `update_time` datetime NOT NULL DEFAULT CURRENT_TIMESTAMP ON UPDATE CURRENT_TIMESTAMP COMMENT '更新时间',
  PRIMARY KEY (`id`)
) ENGINE=InnoDB AUTO_INCREMENT=148 DEFAULT CHARSET=utf8mb4 ROW_FORMAT=DYNAMIC COMMENT='演出表';

-- ----------------------------
--  Records of `activity`
-- ----------------------------
BEGIN;
INSERT INTO `activity` VALUES ('1', '夏歌 | 房东的猫 x 開潮', '2016-08-12 20:00:00', '2016-08-12 22:00:00', '成都', '小酒馆万象城店', '双庆路8号万象城1期B1层喷泉广场B121号小酒馆(万象店)', 'https://s2.showstart.com/group1/M00/0E/48/ChQyH1eN9DeAaFtNAADPJ79MqQY849.0x0.jpg', 'SHOWSTART', '13095', '', '0', '86643', '2020-02-19 17:33:55', '2020-06-14 20:26:38'), ('2', '花門与她2016独立音乐会', '2016-11-26 18:00:00', '2016-11-26 22:00:00', '成都', '拾得雨林天桥音乐厅', '成都市成华区建设南之路4号（东郊记忆北大门）', 'https://s2.showstart.com/group1/M00/15/4D/ChQyH1gDmRiAC5tWAAcO16m3_fA342.0x0.jpg', 'SHOWSTART', '17074', '', '0', '86643', '2020-02-19 17:33:55', '2020-06-14 20:26:38'), ('3', '试音间—“民谣在路上” —圣诞趴', '2016-12-25 20:00:00', '2016-12-25 22:00:00', '北京', '糖果LIVE三层', '北京东城区和平西街79号', 'https://s2.showstart.com/qn_40ac37722b114c9698e864d46d4a6414_565_800_79584.0x0.jpg', 'SHOWSTART', '19240', '', '0', '86643', '2020-02-19 17:33:55', '2020-06-14 20:26:38'), ('4', '房东的猫首张同名专辑预演', '2016-12-30 20:30:00', '2016-12-30 22:00:00', '北京', '蜗牛小酒馆', '北京市交道口南大兴胡同73号蜗牛小酒馆', 'https://s2.showstart.com/qn_8de56ada0e0b45deb8fe53fb33d43050_1400_2000_1437337.0x0.jpg', 'SHOWSTART', '18671', '', '0', '86643', '2020-02-19 17:33:55', '2020-06-14 20:26:38'), ('5', '两湖民谣音乐节', '2017-01-02 19:00:00', '2017-01-02 23:59:00', '长沙', '46LIVEHOUSE', '长沙市岳麓区新民路52号湘财大厦负一楼', 'https://s2.showstart.com/qn_7b087736fa394dccb1d211584c57c461_640_905_46619.0x0.jpg', 'SHOWSTART', '19186', '', '0', '86643', '2020-02-19 17:33:55', '2020-06-14 20:26:38'), ('6', '两湖民谣音乐节', '2017-01-14 19:00:00', '2017-01-14 23:59:00', '武汉', '武汉 VOX LIVEHOUSE', '鲁磨路118号国光大厦VOX LIVEHOUSE', 'https://s2.showstart.com/qn_28ab22b286fb4427b7780e5595333323_565_800_47021.0x0.jpg', 'SHOWSTART', '19185', '', '0', '86643', '2020-02-19 17:33:55', '2020-06-14 20:26:38'), ('7', '房东的猫2017年巡演', '2017-03-15 20:30:00', '2017-03-15 22:00:00', '南宁', '意酒馆', '广西壮族自治区南宁市青秀区南宁青秀万达广场', 'https://s2.showstart.com/qn_3a0b2268fdc442c6aa0e2a1108dc00bf_650_976_768157.0x0.jpg', 'SHOWSTART', '20491', '', '0', '86643', '2020-02-19 17:33:55', '2020-06-14 20:26:38'), ('8', '碎乐app 2017房东的猫春酒巡演', '2017-03-15 20:30:00', '2017-03-15 22:00:00', '南宁', '意酒馆', '广西壮族自治区南宁市青秀区南宁青秀万达广场', 'https://s2.showstart.com/qn_136e5ab604a24956be7b7b7bfd327fc7_600_800_182356.0x0.jpg', 'SHOWSTART', '21902', '', '0', '86643', '2020-02-19 17:33:55', '2020-06-14 21:25:42'), ('9', '碎乐app 2017房东的猫春酒巡演', '2017-03-17 20:30:00', '2017-03-17 22:00:00', '广州', 'SDlivehouse', '广东省广州市海珠区工业大道北132号花城往事创意园7号楼(近悦品四季酒店)SDlivehouse', 'https://s2.showstart.com/qn_928878525d0a4fc09ba427d01e889db0_600_800_182356.0x0.jpg', 'SHOWSTART', '21903', '', '0', '86643', '2020-02-19 17:33:55', '2020-06-14 21:25:42'), ('10', '碎乐app 2017房东的猫春酒巡演', '2017-03-18 20:30:00', '2017-03-18 22:00:00', '深圳', '红糖罐（蛇口店）', '广东省深圳市南山区工业六路9红糖罐蛇口店', 'https://s2.showstart.com/qn_9b89f4fd5a87465fa391147b53cd984e_600_800_182356.0x0.jpg', 'SHOWSTART', '21904', '', '0', '86643', '2020-02-19 17:33:55', '2020-06-14 21:25:42'), ('11', '碎乐app 2017房东的猫春酒巡演', '2017-03-19 20:30:00', '2017-03-19 22:00:00', '厦门', 'Real Live', '思明区大学路沙坡尾艺术西区白色主楼一楼 （玉角海鲜排挡旁边艺术西区 ），联系电话：13537774700', 'https://s2.showstart.com/qn_f81cfc30b611440799750b08cbc17036_600_800_182356.0x0.jpg', 'SHOWSTART', '21952', '', '0', '86643', '2020-02-19 17:33:55', '2020-06-14 21:25:42'), ('12', '碎乐app 2017房东的猫春酒巡演', '2017-03-22 19:30:00', '2017-03-22 21:00:00', '福州', '猫的天空之城', '福州市鼓楼区三坊七巷南后街38号猫的天空之城概念书店(福州南后街店)', 'https://s2.showstart.com/qn_78d37391bee94408a109d23947f8b765_600_800_182356.0x0.jpg', 'SHOWSTART', '21956', '', '0', '86643', '2020-02-19 17:33:55', '2020-06-14 21:25:42'), ('13', '碎乐app 2017房东的猫春酒巡演', '2017-03-24 20:30:00', '2017-03-24 22:00:00', '苏州', '山丘咖啡HillHouse', '松涛街1088号斜塘老街四期36号楼一层山丘音乐咖啡吧', 'https://s2.showstart.com/qn_1c37cfd6333043e0ad837a6a557d92ab_600_800_182356.0x0.jpg', 'SHOWSTART', '21905', '', '0', '86643', '2020-02-19 17:33:55', '2020-06-14 21:25:42'), ('14', '碎乐app 2017房东的猫春酒巡演', '2017-03-26 20:30:00', '2017-03-26 22:00:00', '杭州', '酒球会', '杭州市西湖区万塘路262号酒球会(杭州店)', 'https://s2.showstart.com/qn_0a1af0cb93ed4557b960ec91b929dc09_600_800_182356.0x0.jpg', 'SHOWSTART', '21906', '', '0', '86643', '2020-02-19 17:33:55', '2020-06-14 21:25:42'), ('15', '碎乐app 2017房东的猫春酒巡演', '2017-03-29 19:30:00', '2017-03-29 21:00:00', '台州', '黄色潜水艇酒吧-椒江店', '椒江区老粮坊文创园东侧黄色潜水艇酒吧', 'https://s2.showstart.com/qn_56e3feb6dfcb40d988745f00bf362d66_600_800_182356.0x0.jpg', 'SHOWSTART', '23208', '', '0', '86643', '2020-02-19 17:33:55', '2020-06-14 20:26:38'), ('16', '碎乐app 2017房东的猫春酒巡演', '2017-03-31 19:30:00', '2017-03-31 21:00:00', '宁波', 'CMK酒吧（已停用）', '鄞州区中河街道钱丰巷16号（钱湖天地广场）', 'https://s2.showstart.com/qn_c4acfb5d42aa431abb79ead45f571cda_600_800_182356.0x0.jpg', 'SHOWSTART', '21954', '', '0', '86643', '2020-02-19 17:33:55', '2020-06-14 21:25:42'), ('17', '碎乐app 2017房东的猫春酒巡演', '2017-04-01 20:30:00', '2017-04-01 22:00:00', '无锡', '活塞livehouse', '太湖大道向阳南路n1955南下塘文化创意园9号楼活塞LiveHouse', 'https://s2.showstart.com/qn_4f30d40852c1457d9712eb17388d296f_600_800_182356.0x0.jpg', 'SHOWSTART', '21955', '', '0', '86643', '2020-02-19 17:33:55', '2020-06-14 20:26:38'), ('18', 'UP CITY城市向上 听江民谣歌会', '2017-04-29 16:00:00', '2017-04-30 21:30:00', '重庆', '重庆 湖广会馆', '长滨路芭蕉园1号湖广会馆翰林轩艺术收藏馆重庆湖广会馆', 'https://s2.showstart.com/qn_ad9800ad36c84cfd9f61768cef61863a_600_800_170918.0x0.jpg', 'SHOWSTART', '25903', '', '0', '86643', '2020-02-19 17:33:55', '2020-06-14 20:26:38'), ('19', '房东的猫2017四季巡演“热夏”篇', '2017-05-03 20:30:00', '2017-05-03 22:00:00', '珠海', '九号仓音乐工厂（已停业）', '珠海 香洲区 明珠南路2021号金嘉创意谷2栋1层', 'https://s2.showstart.com/qn_4e5b034d51b24e35b3c7b383d9b751f4_600_800_161808.0x0.jpg', 'SHOWSTART', '25940', '', '0', '86643', '2020-02-19 17:33:55', '2020-06-14 20:26:38'), ('20', '房东的猫2017四季巡演“热夏”篇', '2017-05-03 20:30:00', '2017-05-03 22:00:00', '珠海', '九号仓音乐工厂（已停业）', '珠海 香洲区 明珠南路2021号金嘉创意谷2栋1层', 'https://s2.showstart.com/qn_29e8a72ea6e14b4693eb49bd97c56279_600_800_188530.0x0.jpg', 'SHOWSTART', '25968', '', '0', '86643', '2020-02-19 17:33:55', '2020-06-14 20:26:38'), ('21', '房东的猫2017四季巡演“热夏”篇', '2017-05-05 20:30:00', '2017-05-05 22:00:00', '上海', '上海 MAO Livehouse', '上海市黄浦区重庆南路308号3楼', 'https://s2.showstart.com/qn_6bbe7a575d134c33bbbb7a14f69b968f_600_800_190472.0x0.jpg', 'SHOWSTART', '25904', '', '0', '86643', '2020-02-19 17:33:55', '2020-06-14 20:26:38'), ('22', '房东的猫2017四季巡演“热夏”篇', '2017-05-07 14:00:00', '2017-05-07 16:00:00', '南京', '欧拉艺术空间', '阳光路3号(太阳宫演艺广场B1层)欧拉艺术空间', 'https://s2.showstart.com/qn_a65a96550a614d40a5c9f8476305b076_600_800_190472.0x0.jpg', 'SHOWSTART', '25894', '', '0', '86643', '2020-02-19 17:33:55', '2020-06-14 20:26:38'), ('23', '房东的猫2017四季巡演“热夏”篇', '2017-05-12 20:30:00', '2017-05-12 22:00:00', '合肥', 'ON THE WAY（大摩店）', '合肥市包河区庐州大道56号大摩广场4楼401ON THE WAY(大摩店)', 'https://s2.showstart.com/qn_38cd7ca6068f491795c020b72f4ae839_600_800_190472.0x0.jpg', 'SHOWSTART', '25906', '', '0', '86643', '2020-02-19 17:33:55', '2020-06-14 20:26:38'), ('24', '房东的猫2017四季巡演“热夏”篇', '2017-05-13 14:00:00', '2017-05-13 17:30:00', '青岛', 'Downtown Bar', '青岛市市北区桑梓路1-6号（近威海路 可好便利店旁）', 'https://s2.showstart.com/qn_ffa258a7aada4d59929b5e1ab0b625fa_600_800_190472.0x0.jpg', 'SHOWSTART', '25895', '', '0', '86643', '2020-02-19 17:33:55', '2020-06-14 20:26:38'), ('25', '房东的猫2017四季巡演“热夏”篇', '2017-05-16 20:30:00', '2017-05-16 22:00:00', '大连', '左岸西餐厅地下一层', '大连沙河口区滨海西路583号星海新天地内(近太原街)左岸西餐厅', 'https://s2.showstart.com/qn_378d7694498c4c5a8b8133541b0ddb57_600_800_190472.0x0.jpg', 'SHOWSTART', '25907', '', '0', '86643', '2020-02-19 17:33:55', '2020-06-14 20:26:38'), ('26', '房东的猫2017四季巡演“热夏”篇', '2017-05-19 18:00:00', '2017-05-19 19:30:00', '沈阳', 'PARTY98', '十三纬路58号中国有色大厦裙楼1层Party 98', 'https://s2.showstart.com/qn_91dabfe5780c44a6bef33de4792410a0_600_800_190472.0x0.jpg', 'SHOWSTART', '25896', '', '0', '86643', '2020-02-19 17:33:55', '2020-06-14 20:26:38'), ('27', '房东的猫2017四季巡演“热夏”篇', '2017-05-20 19:30:00', '2017-05-20 21:00:00', '长春', '雪立方金领酒店一楼奥运宴会厅', '自由大路与金吉顺街交汇南关区自由大路2436（音浪live house南行200米）', 'https://s2.showstart.com/qn_cbe507cf6d3944beb106fea5f79f3ec8_600_800_190472.0x0.jpg', 'SHOWSTART', '25898', '', '0', '86643', '2020-02-19 17:33:55', '2020-06-14 20:26:38'), ('28', '房东的猫2017四季巡演“热夏”篇', '2017-05-21 19:30:00', '2017-05-21 21:00:00', '哈尔滨', '北方国际青年旅舍【NORTH LIVE】', '哈尔滨市道里区地节街65号哈尔滨北方国际青年旅舍', 'https://s2.showstart.com/qn_ed61eba0a08c42caaa0a50469e9f0e03_600_800_190472.0x0.jpg', 'SHOWSTART', '25910', '', '0', '86643', '2020-02-19 17:33:55', '2020-06-14 20:26:38'), ('29', '房东的猫2017四季巡演“热夏”篇', '2017-05-26 20:30:00', '2017-05-26 22:00:00', '天津', '天津13club', '天津市和平区河北路306号', 'https://s2.showstart.com/qn_a27a906cd2e949f5935869132d1577a8_600_800_190472.0x0.jpg', 'SHOWSTART', '25899', '', '0', '86643', '2020-02-19 17:33:55', '2020-06-14 20:26:38'), ('30', '房东的猫2017四季巡演“热夏”篇', '2017-05-27 20:30:00', '2017-05-27 22:00:00', '北京', '愚公移山', '北京市东城区张自忠路3-2号段祺瑞执政府旧址西院', 'https://s2.showstart.com/qn_6fb2904c7a194575ac0f9bdc830b3188_600_800_190472.0x0.jpg', 'SHOWSTART', '25911', '', '0', '86643', '2020-02-19 17:33:55', '2020-06-14 20:26:38'), ('31', '房东的猫2017四季巡演“热夏”篇', '2017-06-03 20:30:00', '2017-06-03 22:00:00', '昆明', '昆明 Modernsky Lab', '昆明滇池路569号南亚风情第壹城B1·NEW MALL三层', 'https://s2.showstart.com/qn_5e970e44e75c4160abe1502e0622b4cd_600_800_1117518.0x0.jpg', 'SHOWSTART', '25914', '', '0', '86643', '2020-02-19 17:33:55', '2020-06-14 20:26:38'), ('32', '房东的猫2017四季巡演“热夏”篇', '2017-06-09 20:30:00', '2017-06-09 22:00:00', '重庆', '（作废）重庆 MAO LIVEHOUSE', ' 渝中区较场口日月光广场舞台楼', 'https://s2.showstart.com/qn_5e970e44e75c4160abe1502e0622b4cd_600_800_1117518.0x0.jpg', 'SHOWSTART', '25915', '', '0', '86643', '2020-02-19 17:33:55', '2020-06-14 20:26:38'), ('33', '房东的猫2017四季巡演“热夏”篇', '2017-06-10 20:30:00', '2017-06-10 22:30:00', '成都', '小酒馆万象城店', '双庆路8号万象城1期B1层喷泉广场B121号小酒馆(万象店)', 'https://s2.showstart.com/qn_5e970e44e75c4160abe1502e0622b4cd_600_800_1117518.0x0.jpg', 'SHOWSTART', '25901', '', '0', '86643', '2020-02-19 17:33:55', '2020-06-14 20:26:38'), ('34', '与她生活节', '2017-07-15 15:00:00', '2017-07-15 22:30:00', '成都', '正火艺术中心', '成都·东洪路666号梵木创艺区·正火艺术中心（地铁二号线，成渝立交站，BC出口步行300米到达园区）', 'https://s2.showstart.com/qn_cefd71624b1b4b6d804317f9c95807c5_600_800_84449.0x0.jpg', 'SHOWSTART', '29473', '', '0', '86643', '2020-02-19 17:33:55', '2020-06-14 20:26:38'), ('35', '重庆上邦高尔夫火吧音乐节', '2017-08-04 17:00:00', '2017-08-07 23:30:00', '重庆', '重庆 上邦高尔夫球场', '重庆市九龙坡区金凤镇上邦路9号上邦高尔夫社区', 'https://s2.showstart.com/qn_97bc5c13ea634c2c906d48dec0337c93_600_800_229397.0x0.jpg', 'SHOWSTART', '32033', '', '0', '86643', '2020-02-19 17:33:55', '2020-06-14 20:26:38'), ('36', '房东的猫2017四季巡演“秋酿”篇', '2017-08-25 21:00:00', '2017-08-25 22:30:00', '乌鲁木齐', '乌鲁木齐 疆进酒 LiveHouse', '南湖东路340号无界YOHO广场院内', 'https://s2.showstart.com/qn_8d6ecffc571041f38e8aec785580a3ae_600_800_91040.0x0.jpg', 'SHOWSTART', '33260', '', '0', '86643', '2020-02-19 17:33:55', '2020-06-14 20:26:38'), ('37', '重庆上邦高尔夫火吧音乐节', '2017-08-31 17:00:00', '2017-09-03 23:30:00', '重庆', '重庆 上邦高尔夫球场', '重庆市九龙坡区金凤镇上邦路9号上邦高尔夫社区', 'https://s2.showstart.com/qn_38720a66586f443f98baaeed1195f2af_600_800_170595.0x0.jpg', 'SHOWSTART', '32265', '', '0', '86643', '2020-02-19 17:33:55', '2020-06-14 20:26:38'), ('38', '芒果音乐节', '2017-09-02 14:30:00', '2017-09-03 22:00:00', '长沙', '昭山城市海景水上乐园', '湖南省湘潭市岳塘区G60(沪昆高速)昭山城市海景水上乐园', 'https://s2.showstart.com/qn_ae114ba1562a4871a935ed3e4c8bbd17_600_800_237275.0x0.jpg', 'SHOWSTART', '32307', '', '0', '86643', '2020-02-19 17:33:55', '2020-06-14 20:26:38'), ('39', '房东的猫2017四季巡演“秋酿”篇', '2017-09-07 20:00:00', '2017-09-07 21:30:00', '黔东南', '凯里 小酒馆', '凯里市行政中心龙隐山庄2栋1号门面，联系电话：186-9074-1103。', 'https://s2.showstart.com/qn_3b2c4de52f5244a9af126ccddb57f0d4_600_800_72200.0x0.jpg', 'SHOWSTART', '33262', '', '0', '86643', '2020-02-19 17:33:55', '2020-06-14 20:26:38'), ('40', '房东的猫2017四季巡演“秋酿”篇', '2017-09-09 20:00:00', '2017-09-09 21:30:00', '贵阳', '劲LIVEHOUSE', '南明区新大陆数码城对面盛世花都负一楼（电梯右边玻璃门）联系电话：18212710969。', 'https://s2.showstart.com/qn_ab9b0aac28d4426390635b7fe3e2c2b8_600_800_91040.0x0.jpg', 'SHOWSTART', '33266', '', '0', '86643', '2020-02-19 17:33:55', '2020-06-14 20:26:38'), ('41', '房东的猫2017四季巡演“秋酿”篇', '2017-09-11 20:00:00', '2017-09-11 21:30:00', '兰州', '城市之光Livehouse', '兰州城关区广场西口体育馆西北角二楼（13893351878）', 'https://s2.showstart.com/qn_3b2c4de52f5244a9af126ccddb57f0d4_600_800_72200.0x0.jpg', 'SHOWSTART', '33265', '', '0', '86643', '2020-02-19 17:33:55', '2020-06-14 20:26:38'), ('42', '房东的猫2017四季巡演“秋酿”篇', '2017-09-13 20:00:00', '2017-09-13 21:30:00', '西安', '光音拾陆音乐展演中心', '陕西省西安市雁塔区光泰路6号拾陆原创音乐展演中心', 'https://s2.showstart.com/qn_3b2c4de52f5244a9af126ccddb57f0d4_600_800_72200.0x0.jpg', 'SHOWSTART', '33307', '', '0', '86643', '2020-02-19 17:33:55', '2020-06-14 20:26:38'), ('43', '房东的猫  清晨的阳光与你 推开树荫我们九月相见！', '2017-09-15 20:30:00', '2017-09-15 22:00:00', '太原', 'FIX空间', '山西省太原市万柏林区迎泽西大街国际能源中心6楼FIX空间', 'https://s2.showstart.com/qn_3b2c4de52f5244a9af126ccddb57f0d4_600_800_72200.0x0.jpg', 'SHOWSTART', '31108', '', '0', '86643', '2020-02-19 17:33:55', '2020-06-14 20:26:38'), ('44', '房东的猫2017四季巡演“秋酿”篇', '2017-09-22 20:00:00', '2017-09-22 21:30:00', '济南', '班卓音乐酒吧', '环山路69号2楼(环山路与燕翔路路口北行50米路西)', 'https://s2.showstart.com/qn_3b2c4de52f5244a9af126ccddb57f0d4_600_800_72200.0x0.jpg', 'SHOWSTART', '33308', '', '0', '86643', '2020-02-19 17:33:55', '2020-06-14 20:26:38'), ('45', '房东的猫2017四季巡演“秋酿”篇', '2017-09-24 20:00:00', '2017-09-24 21:30:00', '石家庄', '守望者展演中心', '桥西区裕华路益友百货购物中心B座西馆一层F1-01守望者', 'https://s2.showstart.com/qn_3b2c4de52f5244a9af126ccddb57f0d4_600_800_72200.0x0.jpg', 'SHOWSTART', '33310', '', '0', '86643', '2020-02-19 17:33:55', '2020-06-14 20:26:38'), ('46', '房东的猫2017四季巡演“秋酿”篇', '2017-09-29 20:00:00', '2017-09-29 21:30:00', '郑州', '7LIVEHOUSE（新通桥店）', '河南省郑州市金水区文化路和金水路交汇处东北角中原大舞台内2层', 'https://s2.showstart.com/qn_153732c599f947b5ab3b1edc9a22018b_600_800_101502.0x0.jpg', 'SHOWSTART', '33269', '', '0', '86643', '2020-02-19 17:33:55', '2020-06-14 20:26:38'), ('47', '2017银城·南京森林音乐狂欢季 大型户外音乐节', '2017-10-03 13:30:00', '2017-10-04 22:00:00', '南京', '南京 青奥体育公园', '江苏省南京市浦口区江浦街道横江大道与海滨路交叉口东北南京青奥体育公园', 'https://s2.showstart.com/qn_0849dc16abec4f3fb9c08b71bc2c41b0_600_800_122653.0x0.jpg', 'SHOWSTART', '30720', '', '0', '86643', '2020-02-19 17:33:55', '2020-06-14 20:26:38'), ('48', '房东的猫2017四季巡演“秋酿”篇', '2017-10-11 20:00:00', '2017-10-11 21:30:00', '通辽', '横木酒吧', '内蒙古自治区通辽市科尔沁区华申时代广场A座横木酒吧', 'https://s2.showstart.com/qn_3b2c4de52f5244a9af126ccddb57f0d4_600_800_72200.0x0.jpg', 'SHOWSTART', '33270', '', '0', '86643', '2020-02-19 17:33:55', '2020-06-14 20:26:38'), ('49', '房东的猫2017四季巡演“秋酿”篇', '2017-10-15 20:00:00', '2017-10-15 21:30:00', '呼和浩特', '往事音乐现场', '呼和浩特市新城区艺术厅北街南口往事音乐现场！（联系电话：18698456559）', 'https://s2.showstart.com/qn_3b2c4de52f5244a9af126ccddb57f0d4_600_800_72200.0x0.jpg', 'SHOWSTART', '33271', '', '0', '86643', '2020-02-19 17:33:55', '2020-06-14 20:26:38'), ('50', '好乐队对决 华北区第二场 太原站', '2017-11-03 20:00:00', '2017-11-03 22:00:00', '太原', 'boolifespace', '山西省太原市万柏林区新晋祠路万象城四层N次方内Boolifespace', 'https://s2.showstart.com/qn_7edbfe7838c64e3d8b7bbe6fc19faeae_600_800_97758.0x0.jpg', 'SHOWSTART', '38460', '', '0', '86643', '2020-02-19 17:33:55', '2020-06-14 20:26:38'), ('51', '11月11日-11月12日 “为青春找个家” 民谣在路上· 江城民谣音乐节', '2017-11-11 16:00:00', '2017-11-12 22:00:00', '武汉', '武汉园博园', '武汉市东西湖区金南二路8号武汉园博园', 'https://s2.showstart.com/qn_6a374ead85d24ee9b3c5a3f234920d49_600_800_82383.0x0.jpg', 'SHOWSTART', '38444', '', '0', '86643', '2020-02-19 17:33:55', '2020-06-14 20:26:38'), ('52', '【北漂团伙五周年】一路向前－民谣篇', '2017-11-12 20:00:00', '2017-11-12 23:30:00', '北京', '愚公移山', '北京市东城区张自忠路3-2号段祺瑞执政府旧址西院', 'https://s2.showstart.com/qn_aa495d56acf34b7e847c1e2c03ef7c70_600_800_508240.0x0.jpg', 'SHOWSTART', '38125', '', '0', '86643', '2020-02-19 17:33:55', '2020-06-14 20:26:38'), ('53', '北漂团伙五周年特别奉献·房东的猫love卓扬的猫', '2017-11-13 20:00:00', '2017-11-13 21:30:00', '天津', '卓扬艺术空间【暂停使用】', '天津市南开区航天道与科研西路交叉口向北100米卓扬艺术空间·JoinYoungLive', 'https://s2.showstart.com/qn_18296519324b4710a031a39137114646_600_800_45199.0x0.jpg', 'SHOWSTART', '38752', '', '0', '86643', '2020-02-19 17:33:55', '2020-06-14 20:26:38'), ('54', '长沙VOX开业专场 房东的猫', '2017-11-24 20:30:00', '2017-11-24 22:00:00', '长沙', 'VOX LIVEHOUSE长沙', '湖南省长沙市天心区书院南路 799 号南湖东怡大厦外国生活馆负一楼', 'https://s2.showstart.com/qn_ba823798d374422081917042f66f303e_600_800_132623.0x0.jpg', 'SHOWSTART', '39864', '', '0', '86643', '2020-02-19 17:33:55', '2020-06-14 20:26:38'), ('55', '2017果酱星球', '2017-12-16 19:00:00', '2017-12-16 22:00:00', '南京', '太阳宫剧场（作废）', '玄武区太平门阳光路3号', 'https://s2.showstart.com/qn_605543f5607d4b13b6c5949f4cf1a33c_600_800_180863.0x0.jpg', 'SHOWSTART', '38888', '', '0', '86643', '2020-02-19 17:33:55', '2020-06-14 20:26:38'), ('56', '#免票#九号仓音乐工厂跨年特别演出 - 2017世邦美好生活节', '2017-12-31 20:00:00', '2018-01-01 00:30:00', '珠海', '世邦家居5号馆', '广东省珠海市香洲区翠微东路288号世邦家居5号馆', 'https://s2.showstart.com/qn_b1a46a6961a14a5fb7fae0bee4b9d0b8_600_800_80175.0x0.jpg', 'SHOWSTART', '43289', '', '0', '86643', '2020-02-19 17:33:55', '2020-06-14 20:26:38'), ('57', '房东的猫 2018 「由于时间与地域的关系」年度巡演 深圳站', '2018-03-30 20:00:00', '2018-03-30 21:30:00', '深圳', 'B10现场', '南山区香山东街华侨城创意文化园北区C2栋北侧B10现场', 'https://s2.showstart.com/qn_9a547c8864e444dcb0075b7e7a479aed_600_800_687117.0x0.jpg', 'SHOWSTART', '46798', '', '0', '86643', '2020-02-19 17:33:55', '2020-06-14 21:25:42'), ('58', '房东的猫 2018 「由于时间与地域的关系」年度巡演 广州站', '2018-03-31 14:00:00', '2018-03-31 15:30:00', '广州', 'TU凸空间', '广州大道中361-365号东方花苑大厦首层TU凸空间', 'https://s2.showstart.com/qn_25fe3f7647d04894bf4b69b23ec48483_600_800_698854.0x0.jpg', 'SHOWSTART', '46801', '', '0', '86643', '2020-02-19 17:33:55', '2020-06-14 21:25:42'), ('59', '房东的猫 2018 「由于时间与地域的关系」年度巡演 杭州站', '2018-04-06 20:00:00', '2018-04-06 21:30:00', '杭州', '酒球会', '杭州市西湖区万塘路262号酒球会(杭州店)', 'https://s2.showstart.com/qn_cb61914880f44936bcc61d5a65bc78cd_600_800_687117.0x0.jpg', 'SHOWSTART', '46802', '', '0', '86643', '2020-02-19 17:33:55', '2020-06-14 21:25:42'), ('60', '房东的猫 2018 「由于时间与地域的关系」年度巡演 合肥站', '2018-04-07 20:00:00', '2018-04-07 21:30:00', '合肥', 'ON THE WAY（大摩店）', '合肥市包河区庐州大道56号大摩广场4楼401ON THE WAY(大摩店)', 'https://s2.showstart.com/qn_d5d15747832847bea1a503d755156264_600_800_970111.0x0.jpg', 'SHOWSTART', '46803', '', '0', '86643', '2020-02-19 17:33:55', '2020-06-14 21:25:42'), ('61', '房东的猫 2018 「由于时间与地域的关系」年度巡演 苏州站', '2018-04-13 20:00:00', '2018-04-13 21:30:00', '苏州', '山丘咖啡HillHouse', '松涛街1088号斜塘老街四期36号楼一层山丘音乐咖啡吧', 'https://s2.showstart.com/qn_fe4718bdd90848539beee02a8b5dd37b_600_799_632830.0x0.jpg', 'SHOWSTART', '46824', '', '0', '86643', '2020-02-19 17:33:55', '2020-06-14 21:25:42'), ('62', '房东的猫 2018 「由于时间与地域的关系」年度巡演 无锡站', '2018-04-14 14:00:00', '2018-04-14 15:30:00', '无锡', '寅派动力新文化空间', '梁溪区西水东城N栋165-166号寅派动力新文化空间0510-82705549', 'https://s2.showstart.com/qn_a3059aa925db46ccb478d4e51a8d60c1_600_800_687117.0x0.jpg', 'SHOWSTART', '46804', '', '0', '86643', '2020-02-19 17:33:55', '2020-06-14 21:25:42'), ('63', '房东的猫 2018 「由于时间与地域的关系」年度巡演 南昌站', '2018-04-19 20:00:00', '2018-04-19 21:30:00', '南昌', '黑铁LIVEHOUSE', '三清山大道南昌国际体育中心8号通道旁黑铁现场', 'https://s2.showstart.com/qn_f9abd16c2f5241608de9dfac6e5ed31c_600_800_970111.0x0.jpg', 'SHOWSTART', '46805', '', '0', '86643', '2020-02-19 17:33:55', '2020-06-14 21:25:42'), ('64', '房东的猫 2018 「由于时间与地域的关系」年度巡演 宁波站', '2018-04-20 20:00:00', '2018-04-20 21:30:00', '宁波', '@宁波CMKLive-House（城门口艺术空间）', '海曙区战船街2号宁波影都旁（地铁一号线A出口和义方向）', 'https://s2.showstart.com/qn_eaebd36eb77b4461a5f058e28de2a6b5_600_800_687117.0x0.jpg', 'SHOWSTART', '46825', '', '0', '86643', '2020-02-19 17:33:55', '2020-06-14 21:25:42'), ('65', '房东的猫 2018 「由于时间与地域的关系」年度巡演 上海站', '2018-04-22 14:00:00', '2018-04-22 15:30:00', '上海', '上海 MODERNSKY LAB', '上海市虹口区瑞虹天地月亮湾3楼ModernSkyLAB摩登天空；联系电话：65807180', 'https://s2.showstart.com/qn_709edbb181e843938e382c8c40e504aa_600_800_687117.0x0.jpg', 'SHOWSTART', '46826', '', '0', '86643', '2020-02-19 17:33:55', '2020-06-14 21:25:42'), ('66', '4月30日——5月1日 泰山云上音乐节“乐独立·乐有戏”', '2018-04-30 15:00:00', '2018-05-01 21:30:00', '泰安', '天颐湖旅游度假区', '泰安市岱岳区满庄镇滨湖路泰山天颐湖旅游度假区', 'https://s2.showstart.com/qn_e74a85cf70c547ea921f4ad35a845354_600_800_924882.0x0.jpg', 'SHOWSTART', '50131', '', '0', '86643', '2020-02-19 17:33:55', '2020-06-14 20:26:38'), ('67', '房东的猫 2018 「由于时间与地域的关系」年度巡演 南京站', '2018-05-02 20:00:00', '2018-05-02 21:30:00', '南京', '欧拉艺术空间', '阳光路3号(太阳宫演艺广场B1层)欧拉艺术空间', 'https://s2.showstart.com/qn_eb6dcec2f9e34749944115276ae5fc07_600_800_687117.0x0.jpg', 'SHOWSTART', '46806', '', '0', '86643', '2020-02-19 17:33:55', '2020-06-14 21:25:42'), ('68', '房东的猫 2018 「由于时间与地域的关系」年度巡演 厦门站', '2018-05-20 20:00:00', '2018-05-20 21:30:00', '厦门', 'MAO Livehouse厦门', '福建省厦门市湖里区枋湖西一路厦门旅游大厦C401-C501室MaoLiveHouse', 'https://s2.showstart.com/qn_45a553414f47408cb21ae7b4437fbc34_600_800_687117.0x0.jpg', 'SHOWSTART', '46807', '', '0', '86643', '2020-02-19 17:33:55', '2020-06-14 21:25:42'), ('69', '房东的猫 2018 「由于时间与地域的关系」年度巡演 福州站', '2018-05-21 20:30:00', '2018-05-21 22:00:00', '福州', '唯美客 MAKER LIVE', '福州市鼓楼区黄巷三坊七巷景区黄巷H1-1-H2-3唯美客文创聚落', 'https://s2.showstart.com/qn_009279fd3da0472aa8afe7143a575861_600_800_687117.0x0.jpg', 'SHOWSTART', '47224', '', '0', '86643', '2020-02-19 17:33:55', '2020-06-14 21:25:42'), ('70', '5月26日—5月27日 橘洲音乐节', '2018-05-27 14:00:00', '2018-05-27 21:30:00', '长沙', '橘子洲沙滩乐园', '橘子洲风景区北端（与万达广场相对，乘地铁2号线在橘子洲站下）橘洲沙滩游乐园', 'https://s2.showstart.com/qn_1bcccefb61794e0d8d9870c6737c7594_600_800_408341.0x0.jpg', 'SHOWSTART', '52631', '', '0', '86643', '2020-02-19 17:33:55', '2020-06-14 20:26:38'), ('71', '第四届网易云音乐全国校园歌手大赛·十强公演', '2018-05-30 19:30:00', '2018-05-30 22:00:00', '上海', '万代南梦宫上海文化中心 1F梦想剧场', '上海市普陀区宜昌路179号万代南梦宫上海文化中心', 'https://s2.showstart.com/qn_28f9560db3ec4fd6812903492a6f821b_600_800_1021959.0x0.jpg', 'SHOWSTART', '54709', '', '0', '86643', '2020-02-19 17:33:55', '2020-06-14 20:26:38'), ('72', '房东的猫 2018 「由于时间与地域的关系」年度巡演 哈尔滨站', '2018-06-01 19:30:00', '2018-06-01 21:00:00', '哈尔滨', 'SUB LIVE', '西城红场艺术展览馆1号馆老厂房，近哈西大街（咨询电话18545638964）', 'https://s2.showstart.com/qn_48883260a7674969bd459f2cbd964392_600_800_687117.0x0.jpg', 'SHOWSTART', '46827', '', '0', '86643', '2020-02-19 17:33:55', '2020-06-14 21:25:42'), ('73', '房东的猫 2018 「由于时间与地域的关系」年度巡演 长春站', '2018-06-02 19:00:00', '2018-06-02 20:30:00', '长春', '音浪LIVEHOUSE', '吉林省长春市南关区自由大路35号南岭体育场西入口院内音浪live house', 'https://s2.showstart.com/qn_40f5d5b1ec0045c2bcbcfdc078e21169_600_800_926061.0x0.jpg', 'SHOWSTART', '46810', '', '0', '86643', '2020-02-19 17:33:55', '2020-06-14 21:25:42'), ('74', '房东的猫 2018 「由于时间与地域的关系」年度巡演 沈阳站', '2018-06-03 17:00:00', '2018-06-03 19:00:00', '沈阳', '理想之上livehouse沈阳（壹零贰陆）', '沈阳市和平区和平南大街16号壹零贰陆理想之上livehouse（太原街地铁A口东走400米）', 'https://s2.showstart.com/qn_d2b19dcf196a466c92e8e5a423f6126e_600_800_687117.0x0.jpg', 'SHOWSTART', '47212', '', '0', '86643', '2020-02-19 17:33:55', '2020-06-14 21:25:42'), ('75', '房东的猫 2018 「由于时间与地域的关系」年度巡演 重庆站', '2018-06-09 20:00:00', '2018-06-09 21:30:00', '重庆', '重庆 MAO LIVEHOUSE', '重庆市江北区红旗河沟 龙湖新壹街A馆-B1-Zlab 订场电话：杨子（13436515561）', 'https://s2.showstart.com/qn_5df89db76d4d45ccbb1aa4dfc41f4023_600_800_902089.0x0.jpg', 'SHOWSTART', '46811', '', '0', '86643', '2020-02-19 17:33:55', '2020-06-14 20:26:38'), ('76', '房东的猫 2018 「由于时间与地域的关系」年度巡演 成都站', '2018-06-10 15:00:00', '2018-06-10 16:30:00', '成都', '正火艺术中心', '成都·东洪路666号梵木创艺区·正火艺术中心（地铁二号线，成渝立交站，BC出口步行300米到达园区）', 'https://s2.showstart.com/qn_34007f921bf8479b8b969dc12ff99362_600_800_687117.0x0.jpg', 'SHOWSTART', '46812', '', '0', '86643', '2020-02-19 17:33:55', '2020-06-14 20:26:38'), ('77', '（加票）房东的猫 2018 「由于时间与地域的关系」年度巡演 成都站', '2018-06-10 15:00:00', '2018-06-10 16:30:00', '成都', '正火艺术中心', '成都·东洪路666号梵木创艺区·正火艺术中心（地铁二号线，成渝立交站，BC出口步行300米到达园区）', 'https://s2.showstart.com/qn_1eee42afa6734262ab8f629ec67822fd_600_800_702789.0x0.jpg', 'SHOWSTART', '53788', '', '0', '86643', '2020-02-19 17:33:55', '2020-06-14 20:26:38'), ('78', '房东的猫 2018 「由于时间与地域的关系」年度巡演 昆明站', '2018-06-15 20:00:00', '2018-06-15 21:30:00', '昆明', '昆明 Modernsky Lab', '昆明滇池路569号南亚风情第壹城B1·NEW MALL三层', 'https://s2.showstart.com/qn_84b8991e42084531b6657fb096fcfa60_600_800_687117.0x0.jpg', 'SHOWSTART', '46813', '', '0', '86643', '2020-02-19 17:33:55', '2020-06-14 20:26:38'), ('79', '房东的猫 2018 「由于时间与地域的关系」年度巡演 香港站', '2018-06-25 20:00:00', '2018-06-25 21:30:00', '香港', 'Hidden Agenda', '油塘崇信街六號OceanOne商场一楼 ', 'https://s2.showstart.com/qn_af11c0ddc35b4470a58526f274baa577_600_800_573553.0x0.jpg', 'SHOWSTART', '54221', '', '0', '86643', '2020-02-19 17:33:55', '2020-06-14 21:25:42'), ('80', '房东的猫 2018 「由于时间与地域的关系」年度巡演 香港站', '2018-06-27 20:00:00', '2018-06-27 21:30:00', '香港', 'Hidden Agenda', '油塘崇信街六號OceanOne商场一楼 ', 'https://s2.showstart.com/qn_90c85b5afa034cdb92b2ba0c17e048f4_600_800_702363.0x0.jpg', 'SHOWSTART', '53933', '', '0', '86643', '2020-02-19 17:33:55', '2020-06-14 21:25:42'), ('81', '2018半岛音乐节', '2018-07-07 15:30:00', '2018-07-07 21:45:00', '苏州', '阳澄湖半岛旅游度假区', '工业园区阳澄湖半岛旅游度假区', 'https://s2.showstart.com/qn_eb7ed36cf006480591e4514b67d24ea7_600_800_907458.0x0.jpg', 'SHOWSTART', '56810', '', '0', '86643', '2020-02-19 17:33:55', '2020-06-14 20:26:38'), ('82', '花門与她2018独立音乐会', '2018-07-13 19:30:00', '2018-07-13 23:00:00', '成都', '正火艺术中心', '成都·东洪路666号梵木创艺区·正火艺术中心（地铁二号线，成渝立交站，BC出口步行300米到达园区）', 'https://s2.showstart.com/qn_a26f5d5735cf4e4dafa0e707f2e78f6b_600_800_595054.0x0.jpg', 'SHOWSTART', '53000', '', '0', '86643', '2020-02-19 17:33:55', '2020-06-14 21:25:42'), ('83', '#音乐节# 7月14日 —7月15日 2018五百里音乐节', '2018-07-14 13:30:00', '2018-07-15 22:30:00', '昆明', '昆明 滇池国际会展中心', '云南省昆明市官渡区环湖东路昆明滇池国际会展中心', 'https://s2.showstart.com/qn_78330f04015b43ca9aea26b84f145eab_600_800_343319.0x0.jpg', 'SHOWSTART', '57401', '', '0', '86643', '2020-02-19 17:33:55', '2020-06-14 20:26:38'), ('84', '【音乐节】7月14日——7月15日 2018银川乐堡开躁音乐节', '2018-07-14 15:00:00', '2018-07-15 21:30:00', '银川', '银川 森林公园', '金凤区新昌西路与亲水南大街交叉口西侧银川森林公园', 'https://s2.showstart.com/qn_0ffc85c369b24dab880b6823c3f62aa6_600_800_891690.0x0.jpg', 'SHOWSTART', '58264', '', '0', '86643', '2020-02-19 17:33:55', '2020-06-14 20:26:38'), ('85', '7月27日—7月29日 2018黑角音乐节', '2018-07-27 14:00:00', '2018-07-29 22:00:00', '南京', '南京市八卦洲陌上花渡景区', '江苏省南京市栖霞区中心路陌上花渡', 'https://s2.showstart.com/qn_6c275a493d70458f9ee8da1c81c997c5_600_800_691725.0x0.jpg', 'SHOWSTART', '60682', '', '0', '86643', '2020-02-19 17:33:55', '2020-06-14 20:26:38'), ('86', '房东的猫《由于时间与地域的关系》2018巡演重庆站 补演', '2018-08-10 19:30:00', '2018-08-10 21:00:00', '重庆', '重庆 文化宫大剧院', '重庆市渝中区中山二路174号文化宫-大剧院', 'https://s2.showstart.com/qn_89bf7b06f447427d9ed1cf767f6eedf3_600_800_815181.0x0.jpg', 'SHOWSTART', '61288', '', '0', '86643', '2020-02-19 17:33:55', '2020-06-14 20:26:38'), ('87', '8月11日——8月12日 2018淹城 常州乐堡开躁音乐节', '2018-08-11 15:00:00', '2018-08-12 22:00:00', '常州', '常州 春秋淹城遗址公园', '常州市武进区武宜中路197号春秋淹城遗址公园', 'https://s2.showstart.com/qn_52fb1281d07b42eca2038a6db631df06_600_800_773582.0x0.jpg', 'SHOWSTART', '60611', '', '0', '86643', '2020-02-19 17:33:55', '2020-06-14 20:26:38'), ('88', '8月18日——8月19日 “心动丽水巴比松”星空露营音乐节', '2018-08-18 16:00:00', '2018-08-19 21:45:00', '丽水', '古堰画乡通坪广场', '浙江省丽水市莲都区大港头镇古堰画乡景区古堰画乡景区(香樟古埠)', 'https://s2.showstart.com/qn_b0480848e48a480dad142b26a9550bd8_600_800_870274.0x0.jpg', 'SHOWSTART', '61733', '', '0', '86643', '2020-02-19 17:33:55', '2020-06-14 20:26:38'), ('89', '9月1日—9月2日 2018贵阳草莓音乐节', '2018-09-01 14:30:00', '2018-09-02 21:30:00', '贵阳', '贵阳 西南国际商贸城草地广场', '贵阳市观山湖区西南国际商贸城1号广场东侧草地广场', 'https://s2.showstart.com/qn_9eccce0501604d24a7019fb0d904bf4c_600_800_395090.0x0.jpg', 'SHOWSTART', '62922', '', '0', '86643', '2020-02-19 17:33:55', '2020-06-14 20:26:38'), ('90', '9月7日——9月9日 2018哈尔滨松浪汽车文化音乐节', '2018-09-07 13:00:00', '2018-09-09 22:00:00', '哈尔滨', '哈尔滨冰雪大世界', '黑龙江省哈尔滨市松北区太阳岛西侧哈尔滨冰雪大世界', 'https://s2.showstart.com/qn_34032e36c5d8488b85c722859421d4f4_600_800_560457.0x0.jpg', 'SHOWSTART', '63121', '', '0', '86643', '2020-02-19 17:33:55', '2020-06-14 20:26:38'), ('91', '9月8日——9月9日 潮代汽车文化音乐节', '2018-09-08 13:30:00', '2018-09-09 22:30:00', '西安', '大明宫国家遗址公园', '西安市未央区玄武路126号向东400米 大明宫国家遗址公园', 'https://s2.showstart.com/qn_fe1ff44e727540da893320ddc5666075_600_800_562786.0x0.jpg', 'SHOWSTART', '62554', '', '0', '86643', '2020-02-19 17:33:55', '2020-06-14 20:26:38'), ('92', '房东的猫 2018 「由于时间与地域的关系」年度巡演 西安站', '2018-09-14 20:00:00', '2018-09-14 21:30:00', '西安', '光音拾陆音乐展演中心', '陕西省西安市雁塔区光泰路6号拾陆原创音乐展演中心', 'https://s2.showstart.com/qn_8ebb960308ea48c9acd0052c28e1071c_600_799_639403.0x0.jpg', 'SHOWSTART', '46828', '', '0', '86643', '2020-02-19 17:33:55', '2020-06-14 21:25:42'), ('93', '9月15日——9月16日 2018蚂蚁在路上音乐节', '2018-09-15 13:00:00', '2018-09-16 22:00:00', '合肥', '合肥 庐阳区三国遗址公园', '合肥市庐阳区公园路1号合肥三国遗址公园', 'https://s2.showstart.com/qn_0aaab5d4129c4606842d45c476ff632d_600_800_307049.0x0.jpg', 'SHOWSTART', '60796', '', '0', '86643', '2020-02-19 17:33:55', '2020-06-14 20:26:38'), ('94', '房东的猫 2018 「由于时间与地域的关系」年度巡演 兰州站', '2018-09-15 20:30:00', '2018-09-15 22:00:00', '兰州', '文交美术馆', '甘肃省兰州市天水北路3009号地质博物馆东隔壁（团结路6号）', 'https://s2.showstart.com/qn_016b3728e12e426b9348debaf8fedf58_600_800_690621.0x0.jpg', 'SHOWSTART', '46829', '', '0', '86643', '2020-02-19 17:33:55', '2020-06-14 21:25:42'), ('95', '房东的猫 2018 「由于时间与地域的关系」年度巡演 呼和浩特站', '2018-09-20 20:00:00', '2018-09-20 21:30:00', '呼和浩特', '巨东国际酒店', '昭君路和滨河北路交汇处蓝色港湾接待中心4楼巨东酒店鑫光盛宴国际宴会中心(蓝色港湾店)', 'https://s2.showstart.com/qn_fe38dbdee9ec410bb8fe9843d4c6003b_600_800_698854.0x0.jpg', 'SHOWSTART', '46815', '', '0', '86643', '2020-02-19 17:33:55', '2020-06-14 21:25:42'), ('96', '房东的猫 2018 「由于时间与地域的关系」年度巡演 包头站', '2018-09-21 20:00:00', '2018-09-21 21:30:00', '包头', '为Livehouse', '内蒙古自治区包头市昆都仑区友谊大街15号为livehouse', 'https://s2.showstart.com/qn_063958db8f384e1bb28d3812bdf0ffd9_600_800_690621.0x0.jpg', 'SHOWSTART', '46814', '', '0', '86643', '2020-02-19 17:33:55', '2020-06-14 21:25:42'), ('97', '9月23日-9月24日 2018沈阳齿轮音乐节', '2018-09-23 13:30:00', '2018-09-24 22:00:00', '沈阳', '棋盘山冰雪大世界', '沈阳市浑南区103省道棋盘山风景区内棋盘山冰雪大世界', 'https://s2.showstart.com/qn_773eb418051e444fa733d6429ab3a36a_600_800_208898.0x0.jpg', 'SHOWSTART', '62918', '', '0', '86643', '2020-02-19 17:33:55', '2020-06-14 20:26:38'), ('98', '9月24日 2018北京麦田音乐节', '2018-09-24 13:00:00', '2018-09-24 22:00:00', '北京', '长阳音乐主题公园', '北京市房山区长阳体育公园西侧长阳音乐主题公园', 'https://s2.showstart.com/qn_db52465ff127408486864877d426dfdd_600_800_448330.0x0.jpg', 'SHOWSTART', '62442', '', '0', '86643', '2020-02-19 17:33:55', '2020-06-14 21:25:42'), ('99', '房东的猫 2018 「由于时间与地域的关系」年度巡演 太原站', '2018-09-27 20:00:00', '2018-09-27 21:30:00', '太原', 'boolifespace', '山西省太原市万柏林区新晋祠路万象城四层N次方内Boolifespace', 'https://s2.showstart.com/qn_8306a34af7f34bafaa021528aeeb595d_600_800_687117.0x0.jpg', 'SHOWSTART', '47213', '', '0', '86643', '2020-02-19 17:33:55', '2020-06-14 21:25:42'), ('100', '房东的猫 2018 「由于时间与地域的关系」年度巡演 石家庄站', '2018-09-28 20:00:00', '2018-09-28 21:30:00', '石家庄', '守望者展演中心', '桥西区裕华路益友百货购物中心B座西馆一层F1-01守望者', 'https://s2.showstart.com/qn_8324b28b0d164b0aa027cf3bdb761bfc_600_799_606598.0x0.jpg', 'SHOWSTART', '46816', '', '0', '86643', '2020-02-19 17:33:55', '2020-06-14 21:25:42'), ('101', '房东的猫 2018 「由于时间与地域的关系」年度巡演 郑州站', '2018-09-29 20:00:00', '2018-09-29 21:30:00', '郑州', '7LIVEHOUSE（新通桥店）', '河南省郑州市金水区文化路和金水路交汇处东北角中原大舞台内2层', 'https://s2.showstart.com/qn_88630fe17d2d4632a03c3392d7aa871f_600_800_698854.0x0.jpg', 'SHOWSTART', '46830', '', '0', '86643', '2020-02-19 17:33:55', '2020-06-14 21:25:42'), ('102', '10月1日——10月2日 万达乐园音浪音乐节 南昌站', '2018-10-01 14:40:00', '2018-10-02 22:00:00', '南昌', '南昌万达主题乐园', '江西省南昌市九龙湖新区南龙蟠街888号南昌万达主题乐园', 'https://s2.showstart.com/qn_dc9ddf4e28a7491cb94bce7a2905654e_600_799_688235.0x0.jpg', 'SHOWSTART', '64908', '', '0', '86643', '2020-02-19 17:33:55', '2020-06-14 20:26:38'), ('103', '房东的猫 2018 「由于时间与地域的关系」年度巡演 北京站', '2018-10-12 20:00:00', '2018-10-12 21:30:00', '北京', '糖果LIVE三层', '北京东城区和平西街79号', 'https://s2.showstart.com/qn_9222ad23b1224279966844da3e6474a4_600_800_698854.0x0.jpg', 'SHOWSTART', '46831', '', '0', '86643', '2020-02-19 17:33:55', '2020-06-14 21:25:42'), ('104', '房东的猫 2018 「由于时间与地域的关系」年度巡演 天津站', '2018-10-13 20:00:00', '2018-10-13 21:30:00', '天津', '派LiveHouse', '天津市河北区万柳村大街56号（1946产业园内）有派文化内；联系电话：13821333363。', 'https://s2.showstart.com/qn_9973a59f87794364b86da65e94a98855_600_800_691595.0x0.jpg', 'SHOWSTART', '46817', '', '0', '86643', '2020-02-19 17:33:55', '2020-06-14 21:25:42'), ('105', '房东的猫 2018 「由于时间与地域的关系」年度巡演 济南站', '2018-10-14 20:00:00', '2018-10-14 21:30:00', '济南', '班卓音乐酒吧', '环山路69号2楼(环山路与燕翔路路口北行50米路西)', 'https://s2.showstart.com/qn_b17784c41fe44f999b3128139b2e8d63_600_800_687117.0x0.jpg', 'SHOWSTART', '46832', '', '0', '86643', '2020-02-19 17:33:55', '2020-06-14 21:25:42'), ('106', '房东的猫 2018 「由于时间与地域的关系」年度巡演 珠海站', '2018-10-19 20:00:00', '2018-10-19 21:30:00', '珠海', '珠海乐坊', '珠海市香洲区前山岱山路70号乐士文化区滑梯上方', 'https://s2.showstart.com/qn_f134af7e7d1f49f693e9b456cc556408_600_800_687117.0x0.jpg', 'SHOWSTART', '46818', '', '0', '86643', '2020-02-19 17:33:55', '2020-06-14 21:25:42'), ('107', '房东的猫 2018 「由于时间与地域的关系」年度巡演 长沙站', '2018-10-20 20:00:00', '2018-10-20 21:30:00', '长沙', '46LIVEHOUSE', '长沙市岳麓区新民路52号湘财大厦负一楼', 'https://s2.showstart.com/qn_8b6d93be310b438097a78ddf92faae7a_600_799_639403.0x0.jpg', 'SHOWSTART', '46819', '', '0', '86643', '2020-02-19 17:33:55', '2020-06-14 21:25:42'), ('108', '不要音乐盒子-房东的猫露天音乐会', '2018-11-02 20:00:00', '2018-11-02 22:00:00', '深圳', '深圳不要音乐盒子（万象天地店）', '广东省深圳市南山区深南大道9668号华润深圳万象天地水广场', 'https://s2.showstart.com/img/2018/20181102/038ed1f3a0d64abdb7b64bfc84c5da71_600_800_721224.0x0.jpg', 'SHOWSTART', '68388', '', '0', '86643', '2020-02-19 17:33:55', '2020-06-14 20:26:38'), ('109', '11月3日 —11月4日 2018年简单生活节 厦门站', '2018-11-03 15:30:00', '2018-11-04 20:30:00', '厦门', '厦门白鹭洲公园', '厦门市思明区白鹭洲路565号白鹭洲公园', 'https://s2.showstart.com/qn_a9b83332551f4986b95b9fde701c3728_600_800_977437.0x0.jpg', 'SHOWSTART', '68743', '', '0', '86643', '2020-02-19 17:33:55', '2020-06-14 20:26:38'), ('110', '红枫音乐节', '2018-11-11 12:00:00', '2018-11-11 20:00:00', '南京', '华侨城翡翠天域艺展中心', '南京·栖霞·疏港大道与欢乐大道交汇处（华侨城翡翠天域艺展中心）', 'https://s2.showstart.com/qn_5c413e155e41452aadfe5b20490abd6c_600_799_309721.0x0.jpg', 'SHOWSTART', '68497', '', '0', '86643', '2020-02-19 17:33:55', '2020-06-14 20:26:38'), ('111', '2018华熙LIVE独立音乐季-房东的猫专场', '2018-11-12 20:00:00', '2018-11-12 21:30:00', '重庆', '华熙LIVE·鱼洞 M空间', '鱼洞地铁站4号口西北150米华熙LIVE023', 'https://s2.showstart.com/img/2018/20181112/003e2f984d7b4ae4ac575eb6dd7b07ed_600_800_471316.0x0.jpg', 'SHOWSTART', '69724', '', '0', '86643', '2020-02-19 17:33:55', '2020-06-14 20:26:38'), ('112', '2018黄山西递音乐节', '2018-11-17 13:30:00', '2018-11-17 20:30:00', '黄山', '西递景区', '黄山市黟县西递镇031县道西递古村景区', 'https://s2.showstart.com/qn_39b0e607c345411d976963ff332adce2_600_800_1164972.0x0.jpg', 'SHOWSTART', '68937', '', '0', '86643', '2020-02-19 17:33:55', '2020-06-14 20:26:38'), ('113', '11月24日-11月25日 首届大运河民谣诗歌节暨第十届江南民谣诗歌节', '2018-11-24 14:00:00', '2018-11-25 22:30:00', '无锡', '南长街第二停车场', '江苏省无锡市梁溪区南长街二段停车场（导航搜索一缕炊烟南长街店）', 'https://s2.showstart.com/img/2018/20181109/19c1fb9faceb49bda2f366b9a9bad71d_600_800_972678.0x0.jpg', 'SHOWSTART', '71182', '', '0', '86643', '2020-02-19 17:33:55', '2020-06-14 20:26:38'), ('114', '12月22日-12月23日 2018PAC阳日汕马音乐节', '2018-12-22 18:00:00', '2018-12-23 22:00:00', '汕头', '汕头大学体育园', '大学路326-328号附近汕头大学体育园', 'https://s2.showstart.com/img/2018/20181126/467a8f5f77a94e18913b87d1bfc488af_600_800_172889.0x0.jpg', 'SHOWSTART', '72774', '', '0', '86643', '2020-02-19 17:33:55', '2020-06-14 20:26:38'), ('115', '#免票# 第五届网易云音乐校园歌手大赛·落地擂台战', '2018-12-24 18:30:00', '2018-12-24 22:00:00', '上海', '万代南梦宫上海文化中心 1F梦想剧场', '上海市普陀区宜昌路179号万代南梦宫上海文化中心', 'https://s2.showstart.com/img/2018/20181219/607a8544f4fd4c94b317792485c40f88_600_800_95989.0x0.jpg', 'SHOWSTART', '74888', '', '0', '86643', '2020-02-19 17:33:55', '2020-06-14 20:26:38'), ('116', '【星巢现场】房东的猫 / Deca joins / 熊猫眼镜', '2018-12-30 19:30:00', '2018-12-30 22:30:00', '成都', '正火艺术中心', '成都·东洪路666号梵木创艺区·正火艺术中心（地铁二号线，成渝立交站，BC出口步行300米到达园区）', 'https://s2.showstart.com/img/2018/20181230/9c5611b090024b7aa49fe9704ec56fa2_600_800_101229.0x0.jpg', 'SHOWSTART', '65870', '', '0', '86643', '2020-02-19 17:33:55', '2020-06-14 20:26:38'), ('117', 'Indie跨年祭-房东的猫「白」武汉跨年演唱会', '2018-12-31 20:00:00', '2018-12-31 21:30:00', '武汉', '武汉客厅•中国（武汉）文化博览中心-D馆', '湖北省武汉市东西湖区金银潭大道武汉客厅中国文化博览中心D馆', 'https://s2.showstart.com/img/2018/20181114/6388280514f943e3b4d51430851390c3_600_800_679209.0x0.jpg', 'SHOWSTART', '71321', '', '0', '86643', '2020-02-19 17:33:55', '2020-06-14 20:26:38'), ('118', '1月19日 渝见过去·金源今生音乐节', '2019-01-19 16:00:00', '2019-01-19 20:00:00', '重庆', '重庆市江北区金源购物时代购物广场（户外）', '重庆市江北区北滨路368号金源时代购物广场（户外）', 'https://s2.showstart.com/img/2019/20190111/4bcebadd5b564a6e8cf8c72d2c42da9f_600_800_116945.0x0.jpg', 'SHOWSTART', '76305', '', '0', '86643', '2020-02-19 17:33:55', '2020-06-14 20:26:38'), ('119', '【周边有售】04月20日-04月21日 2019香橙音乐节', '2019-04-20 17:00:00', '2019-04-21 22:00:00', '宁波', '宁波文化广场', '浙江省宁波市鄞州区中山东路1999号宁波文化广场', 'https://s2.showstart.com/img/2019/20190305/561b3502d76a4fc99d2a6f97eb03fc7f_600_800_129202.0x0.jpg', 'SHOWSTART', '79558', '', '0', '86643', '2020-02-19 17:33:55', '2020-06-14 20:26:38'), ('120', '4月26日——4月28日 2019年 成都超级草莓音乐节', '2019-04-26 13:00:00', '2019-04-28 21:30:00', '成都', '国际非物质文化遗产博览园', '成都市青羊区光华大道二段601号国际非物质文化遗产博览园', 'https://s2.showstart.com/img/2019/20190403/5acbe8f0350b407d8c7052ec5d2fab06_600_800_137162.0x0.jpg', 'SHOWSTART', '82201', '', '0', '86643', '2020-02-19 17:33:55', '2020-06-14 20:26:38'), ('121', '【星巢Liveground】房东的猫+殷敏朱丞+铅笔+灵魂木偶', '2019-05-05 18:30:00', '2019-05-05 21:30:00', '天津', '66Livehouse', '天津市和平区建设路78号大麦·66Livehouse', 'https://s2.showstart.com/img/2019/20190428/0814df1270294730af7943f25ec439c1_600_800_289811.0x0.jpg', 'SHOWSTART', '80251', '', '0', '86643', '2020-02-19 17:33:55', '2020-06-14 20:26:38'), ('122', '房东的猫2019“生活”演唱会-杭州站', '2019-05-11 19:30:00', '2019-05-11 21:00:00', '杭州', '杭州剧院', '浙江省杭州市下城区武林广场29号杭州剧院', 'https://s2.showstart.com/img/2019/20190123/82c1b97c34af4b63b033a3106094b52f_600_800_78560.0x0.jpg', 'SHOWSTART', '76670', '', '0', '86643', '2020-02-19 17:33:55', '2020-06-14 20:26:38'), ('123', '5月18日—5月19日 2019西安草莓音乐节', '2019-05-18 13:00:00', '2019-05-19 21:00:00', '西安', '大明宫国家遗址公园', '西安市未央区玄武路126号向东400米 大明宫国家遗址公园', 'https://s2.showstart.com/img/2019/20190424/1801f7bba5e1411cb973849f017d411c_600_800_468916.0x0.jpg', 'SHOWSTART', '83886', '', '0', '86643', '2020-02-19 17:33:55', '2020-06-14 20:26:38'), ('124', '2019星巢音乐节-武汉站', '2019-05-18 14:00:00', '2019-05-18 22:00:00', '武汉', '武汉市花博汇', '湖北省武汉市蔡甸区天星村1号花博汇', 'https://s2.showstart.com/img/2019/20190418/7f0cc7c0fa3c41a7b9dbaba1dcf95b9a_600_800_210510.0x0.jpg', 'SHOWSTART', '80357', '', '0', '86643', '2020-02-19 17:33:55', '2020-06-14 20:26:38'), ('125', '2019麦田音乐节 北京站【秀动呈献】（云音乐专享）', '2019-05-25 12:30:00', '2019-05-26 22:00:00', '北京', '长阳音乐主题公园', '北京市房山区长阳体育公园西侧长阳音乐主题公园', 'https://s2.showstart.com/img/2019/20190508/d9ec2bdbc128402690f0597514396647_600_800_114481.0x0.jpg', 'SHOWSTART', '83503', '', '0', '86643', '2020-02-19 17:33:55', '2020-06-14 20:26:38'), ('126', '房东的猫2019“生活”演唱会-广州站', '2019-05-25 19:30:00', '2019-05-25 21:00:00', '广州', '中山纪念堂', '广州市越秀区东风中路259号(近地铁纪念堂站)	', 'https://s2.showstart.com/img/2019/20190220/68d383431cc240e485cb507a8931dbdc_600_800_80364.0x0.jpg', 'SHOWSTART', '77584', '', '0', '86643', '2020-02-19 17:33:55', '2020-06-14 20:26:38'), ('127', '5月26日 【秀动呈献】2019麦田音乐节 北京站', '2019-05-26 12:30:00', '2019-05-26 22:00:00', '北京', '长阳音乐主题公园', '北京市房山区长阳体育公园西侧长阳音乐主题公园', 'https://s2.showstart.com/img/2019/20190508/50f93ea035a64bf4b21ede3c3466e58b_600_800_114481.0x0.jpg', 'SHOWSTART', '81493', '', '0', '86643', '2020-02-19 17:33:55', '2020-06-14 20:26:38'), ('128', '6月1日——6月2日 2019年半岛音乐节', '2019-06-01 13:00:00', '2019-06-02 22:00:00', '苏州', '阳澄湖半岛旅游度假区', '工业园区阳澄湖半岛旅游度假区', 'https://s2.showstart.com/img/2019/20190411/fb045d05f49d49a597a6fb837bafbd0d_600_800_150429.0x0.jpg', 'SHOWSTART', '82679', '', '0', '86643', '2020-02-19 17:33:55', '2020-06-14 20:26:38'), ('129', '6月14日——6月16日 2019 · 麻椒音乐节（飞-青春）', '2019-06-14 16:00:00', '2019-06-16 22:00:00', '邯郸', '时代汽车广场', '邯郸市经济技术开发区和谐大街5号时代汽车广场', 'https://s2.showstart.com/img/2019/20190607/0580b5a7fdbf4505987752f89b624af7_600_800_160694.0x0.jpg', 'SHOWSTART', '84870', '', '0', '86643', '2020-02-19 17:33:55', '2020-06-14 20:26:38'), ('130', '房东的猫2019“生活”演唱会-深圳站', '2019-06-14 19:30:00', '2019-06-14 21:10:00', '深圳', '深圳 保利剧院', '深圳市南山区后海滨路3013号深圳保利剧院', 'https://s2.showstart.com/img/2019/20190214/303e765e864f40a4a5d7574b2d2efdbf_600_800_77856.0x0.jpg', 'SHOWSTART', '77060', '', '0', '86643', '2020-02-19 17:33:55', '2020-06-14 20:26:38'), ('131', '房东的猫2019“生活”演唱会-南京站', '2019-06-22 19:30:00', '2019-06-22 21:00:00', '南京', '南京太阳宫剧场', '江苏省南京市玄武区太平门阳光路3号南京太阳宫剧场', 'https://s2.showstart.com/img/2019/20190306/7489dce386264447902615f8f573fd77_600_800_80443.0x0.jpg', 'SHOWSTART', '78822', '', '0', '86643', '2020-02-19 17:33:55', '2020-06-14 20:26:38'), ('132', '6月23日 麦浪冰城音乐节', '2019-06-23 12:00:00', '2019-06-23 22:00:00', '哈尔滨', '林达世界欢乐城（外语城）-意大利馆', '哈尔滨利民开发区宜春路以南美术家大街两侧哈尔滨林达外语城', 'https://s2.showstart.com/img/2019/20190614/e9d412b36d76498d90e0cbbf43c0772c_600_800_225111.0x0.jpg', 'SHOWSTART', '86955', '', '0', '86643', '2020-02-19 17:33:55', '2020-06-14 20:26:38'), ('133', '6月28日—6月30日 2019 MTA 天漠音乐节', '2019-06-28 19:30:00', '2019-06-30 23:30:00', '张家口', '天漠自然风景区', '张家口市怀来县天漠自然风景区', 'https://s2.showstart.com/img/2019/20190518/c743fe27456f45e0a7961cab29a51b52_600_800_850328.0x0.jpg', 'SHOWSTART', '80913', '', '0', '86643', '2020-02-19 17:33:55', '2020-06-14 20:26:38'), ('134', '7月13日——7月14日 2019西递音乐节', '2019-07-13 14:30:00', '2019-07-14 22:00:00', '黄山', '西递景区', '黄山市黟县西递镇031县道西递古村景区', 'https://s2.showstart.com/img/2019/20190618/385c496f57334527b63ca58b9ef61445_600_800_288160.0x0.jpg', 'SHOWSTART', '88794', '', '0', '86643', '2020-02-19 17:33:55', '2020-06-14 20:26:38'), ('135', '7月26日—7月28日 2019张北草原音乐季之草原音乐节', '2019-07-26 14:30:00', '2019-07-28 23:00:00', '张家口', '张北中都原始草原度假村', '张家口市张北县郝家营乡三宝营盘村中都原始草原度假村', 'https://s2.showstart.com/img/2019/20190711/d0ddca322ccc4810933092220b0a5b37_600_800_105421.0x0.jpg', 'SHOWSTART', '90755', '', '0', '86643', '2020-02-19 17:33:55', '2020-06-14 20:26:38'), ('136', '2019廖俊涛《咬掉半口的苹果》巡演 南京站', '2019-09-07 20:30:00', '2019-09-07 22:00:00', '南京', '稻香音乐空间', '南京市建邺区南京奥林匹克体育中心内A18柱子对面稻香音乐空间（星巴克旁）', 'https://s2.showstart.com/img/2019/20190817/8fd2c8c5bba044379698119e4c8b7a64_600_800_205176.0x0.jpg', 'SHOWSTART', '94139', '', '0', '86643', '2020-02-19 17:33:55', '2020-06-14 21:25:42'), ('137', '9月12日—9月14日 2019中国瓜洲音乐节', '2019-09-12 13:00:00', '2019-09-14 21:30:00', '扬州', '瓜洲镇润扬湿地公园', '瓜洲镇润扬南路中为瓜洲国际露营地润扬湿地风景区-润扬森林公园附近润扬森林公园', 'https://s2.showstart.com/img/2019/20190704/18d46b087a3e40efb5bfb983b7e95c96_600_800_135769.0x0.jpg', 'SHOWSTART', '90197', '', '0', '86643', '2020-02-19 17:33:55', '2020-06-14 20:26:38'), ('138', '10月4日—10月5日 2019银城·南京森林音乐狂欢节', '2019-10-04 13:30:00', '2019-10-05 22:30:00', '南京', '南京方山音乐谷', '江苏省南京市江宁区竹山南路与吉印大道交叉口', 'https://s2.showstart.com/img/2019/20190722/6d5495cce9524cb98a0906fc601c31aa_600_800_311246.0x0.jpg', 'SHOWSTART', '90030', '', '0', '86643', '2020-02-19 17:33:55', '2020-06-14 20:26:38'), ('139', '10月19日 —10月20日 2019蚂蚁在路上音乐节', '2019-10-19 13:00:00', '2019-10-20 22:00:00', '合肥', '合肥 庐阳区三国遗址公园', '合肥市庐阳区公园路1号合肥三国遗址公园', 'https://s2.showstart.com/img/2019/20190904/202c9a6d36eb4c36a73cba50ceaa3558_600_800_915938.0x0.jpg', 'SHOWSTART', '92322', '', '0', '86643', '2020-02-19 17:33:55', '2020-06-14 20:26:38'), ('140', '10月19日—10月20日【秀动呈献】2019云南抚仙湖麦田音乐节（QQ专享）', '2019-10-19 14:00:00', '2019-10-20 22:00:00', '玉溪', '抚仙湖国际度假小镇湖畔森林公园', '抚仙湖国际度假小镇湖畔森林公园', 'https://s2.showstart.com/img/2019/20190823/544a8efaf7f949f2b27ae503c2f9946a_600_800_133487.0x0.jpg', 'SHOWSTART', '94996', '', '0', '86643', '2020-02-19 17:33:55', '2020-06-14 20:26:38'), ('141', '10月20日【秀动呈献】2019云南抚仙湖麦田音乐节', '2019-10-20 14:00:00', '2019-10-20 22:00:00', '玉溪', '抚仙湖国际度假小镇湖畔森林公园', '抚仙湖国际度假小镇湖畔森林公园', 'https://s2.showstart.com/img/2019/20190831/9d0efcbf1a4a41c2846d225e7de6f235_600_800_127543.0x0.jpg', 'SHOWSTART', '94714', '', '0', '86643', '2020-02-19 17:33:55', '2020-06-14 20:26:38'), ('142', '2019青秀·绿野音乐节', '2019-10-26 15:00:00', '2019-10-27 22:30:00', '南宁', '南宁国际会展中心前广场', '南宁市青秀区民族大道106号南宁国际会展中心', 'https://s2.showstart.com/img/2019/20190904/433ebdb1063f4a2fa729bd6b053edeb9_600_799_150315.0x0.jpg', 'SHOWSTART', '96181', '', '0', '86643', '2020-02-19 17:33:55', '2020-06-14 20:26:38'), ('143', '房东的猫2019“生活”演唱会-郑州站', '2019-11-02 19:30:00', '2019-11-02 21:00:00', '郑州', '河南省人民会堂', '河南郑州金水区花园路一号花园路与金水路交叉口(紫荆山公园对面)河南省人民会堂', 'https://s2.showstart.com/img/2019/20191002/13580f36841244a381ab2724d56e5a9c_600_800_86051.0x0.jpg', 'SHOWSTART', '95768', '', '0', '86643', '2020-02-19 17:33:55', '2020-06-14 20:26:38'), ('144', '房东的猫/晓月老板/李晋&阿虾 Gear Music Live', '2019-11-16 18:30:00', '2019-11-16 21:30:00', '沈阳', '沈阳大学体育馆', '辽宁省沈阳市大东区望花南街21号沈阳大学内沈阳大学体育馆', 'https://s2.showstart.com/img/2019/20190920/5b2fa575338a4ab7b5d640084afed11b_600_800_215359.0x0.jpg', 'SHOWSTART', '94325', '', '0', '86643', '2020-02-19 17:33:55', '2020-06-14 20:26:38'), ('145', '房东的猫2019“生活”演唱会-重庆站', '2019-11-23 19:30:00', '2019-11-23 21:00:00', '重庆', '重庆 人民大厦会堂', '重庆市渝北区红锦大道62号人民大厦', 'https://s2.showstart.com/img/2019/20190817/e6b661389eea48d782d5cc6fa9d7f075_600_800_70080.0x0.jpg', 'SHOWSTART', '93503', '', '0', '86643', '2020-02-19 17:33:55', '2020-06-14 20:26:38'), ('146', '房东的猫2019“生活”演唱会-北京站', '2019-11-30 19:30:00', '2019-11-30 21:30:00', '北京', '北京展览馆剧场', '北京市海淀区西直门外大街135号（北京展览馆后）北京展览馆剧场', 'https://s2.showstart.com/img/2019/20190927/df44990b3ddb4c0cbb01918633c1b237_600_800_101194.0x0.jpg', 'SHOWSTART', '97947', '', '0', '86643', '2020-02-19 17:33:55', '2020-06-14 20:26:38'), ('147', '房东的猫2019“生活”演唱会-上海站', '2019-12-31 19:30:00', '2019-12-31 21:30:00', '上海', '国家会展中心虹馆EH', '崧泽大道333号国家会展中心(上海)虹馆', 'https://s2.showstart.com/img/2019/20191018/732f1ba360bc4a229c434c0d880f86e7_600_800_185094.0x0.jpg', 'SHOWSTART', '100921', '', '0', '86643', '2020-02-19 17:33:55', '2020-06-14 20:26:38');
COMMIT;

-- ----------------------------
--  Table structure for `artist`
-- ----------------------------
DROP TABLE IF EXISTS `artist`;
CREATE TABLE `artist` (
  `id` bigint(20) NOT NULL AUTO_INCREMENT COMMENT '主键',
  `name` varchar(50) NOT NULL COMMENT '姓名',
  `mp_weixin_app_id` varchar(255) NOT NULL DEFAULT '' COMMENT '微信小程序appId',
  `mp_weixin_app_secret` varchar(255) NOT NULL DEFAULT '' COMMENT '微信小程序appSecret',
  `mp_qq_app_id` varchar(255) NOT NULL DEFAULT '' COMMENT 'QQ小程序appId',
  `mp_qq_app_secret` varchar(255) NOT NULL DEFAULT '' COMMENT 'QQ小程序appSecret',
  `random_key` varchar(255) NOT NULL,
  `create_time` datetime NOT NULL DEFAULT CURRENT_TIMESTAMP COMMENT '创建时间',
  `update_time` datetime NOT NULL DEFAULT CURRENT_TIMESTAMP ON UPDATE CURRENT_TIMESTAMP COMMENT '更新时间',
  PRIMARY KEY (`id`)
) ENGINE=InnoDB AUTO_INCREMENT=86644 DEFAULT CHARSET=utf8mb4 ROW_FORMAT=DYNAMIC COMMENT='演出者表';

-- ----------------------------
--  Records of `artist`
-- ----------------------------
BEGIN;
INSERT INTO `artist` VALUES ('86643', 'fddm', 'wxff0218827734f1123', '228558fed81f0fb73f004940732e', '11103259', 'y5i3OGXQiIS', 'OQlRb3WW89yfycQb97Rrt1Ef2OprRyKp', '2020-06-05 19:04:12', '2020-10-14 00:02:23');
COMMIT;

-- ----------------------------
--  Table structure for `collect_relation`
-- ----------------------------
DROP TABLE IF EXISTS `collect_relation`;
CREATE TABLE `collect_relation` (
  `id` bigint(20) NOT NULL AUTO_INCREMENT COMMENT '主键',
  `user_id` bigint(20) NOT NULL COMMENT '用户id',
  `target_type` varchar(10) NOT NULL COMMENT '目标类型（VIDEO：视频）',
  `target_id` bigint(20) NOT NULL COMMENT '目标id',
  `artist_id` bigint(20) NOT NULL COMMENT '演出者id',
  `create_time` datetime NOT NULL DEFAULT CURRENT_TIMESTAMP COMMENT '创建时间',
  `update_time` datetime NOT NULL DEFAULT CURRENT_TIMESTAMP ON UPDATE CURRENT_TIMESTAMP COMMENT '更新时间',
  PRIMARY KEY (`id`),
  UNIQUE KEY `idx_user_id` (`user_id`,`target_type`,`target_id`,`artist_id`)
) ENGINE=InnoDB AUTO_INCREMENT=9 DEFAULT CHARSET=utf8mb4 ROW_FORMAT=DYNAMIC COMMENT='关注-关联表';

-- ----------------------------
--  Records of `collect_relation`
-- ----------------------------
BEGIN;
INSERT INTO `collect_relation` VALUES ('6', '1', 'VIDEO', '1', '86643', '2020-06-16 23:46:17', '2020-06-16 23:46:17'), ('8', '12', 'VIDEO', '8', '86643', '2020-07-05 17:27:54', '2020-07-05 17:27:54');
COMMIT;

-- ----------------------------
--  Table structure for `comment`
-- ----------------------------
DROP TABLE IF EXISTS `comment`;
CREATE TABLE `comment` (
  `id` bigint(20) NOT NULL AUTO_INCREMENT COMMENT '主键',
  `user_id` bigint(20) NOT NULL COMMENT '用户id',
  `moment_id` bigint(20) NOT NULL COMMENT '动态id',
  `content` varchar(255) NOT NULL COMMENT '内容',
  `parent_id` bigint(20) NOT NULL DEFAULT '0' COMMENT '父评论id',
  `reply_to_id` bigint(20) NOT NULL DEFAULT '0' COMMENT '@用户id',
  `like_count` int(11) NOT NULL DEFAULT '0' COMMENT '点赞数量',
  `status` int(11) NOT NULL DEFAULT '1' COMMENT '状态（0：已屏蔽，1：正常，2：已删除）',
  `artist_id` bigint(20) NOT NULL COMMENT '演出者id',
  `create_time` datetime NOT NULL DEFAULT CURRENT_TIMESTAMP COMMENT '创建时间',
  `update_time` datetime NOT NULL DEFAULT CURRENT_TIMESTAMP ON UPDATE CURRENT_TIMESTAMP COMMENT '更新时间',
  PRIMARY KEY (`id`)
) ENGINE=InnoDB AUTO_INCREMENT=118 DEFAULT CHARSET=utf8mb4 ROW_FORMAT=DYNAMIC COMMENT='评论表';

-- ----------------------------
--  Records of `comment`
-- ----------------------------
BEGIN;
INSERT INTO `comment` VALUES ('1', '1', '79', ' n', '0', '0', '0', '1', '86643', '2020-06-01 22:55:13', '2020-06-01 22:55:13'), ('2', '1', '79', 'klkl', '0', '0', '0', '1', '86643', '2020-06-01 22:56:28', '2020-06-01 22:56:28'), ('3', '1', '79', '暗室逢灯阿萨德发生发斯大林分家螺丝刀见缝拉萨甲方是', '0', '0', '0', '1', '86643', '2020-06-01 23:37:15', '2020-06-01 23:37:15'), ('4', '1', '79', '发送到', '0', '0', '0', '1', '86643', '2020-06-01 23:48:21', '2020-06-01 23:48:21'), ('5', '1', '79', '艾弗森地方按说', '0', '0', '0', '1', '86643', '2020-06-02 21:24:48', '2020-06-02 21:24:48'), ('6', '1', '79', '按说', '0', '0', '0', '1', '86643', '2020-06-02 22:18:48', '2020-06-02 22:18:48'), ('7', '1', '79', 'sad发', '2', '0', '0', '1', '86643', '2020-06-02 22:19:05', '2020-06-02 22:19:05'), ('8', '1', '79', '啊啊啊', '0', '0', '0', '1', '86643', '2020-06-02 22:26:34', '2020-06-02 22:26:34'), ('9', '1', '79', '给你', '0', '0', '0', '1', '86643', '2020-06-02 22:44:20', '2020-06-02 22:44:20'), ('10', '1', '79', '归', '6', '0', '0', '1', '86643', '2020-06-02 22:45:16', '2020-06-02 22:45:16'), ('11', '1', '79', '发', '0', '0', '0', '1', '86643', '2020-06-02 23:11:32', '2020-06-02 23:11:32'), ('12', '1', '79', '测试\n', '0', '0', '0', '1', '86643', '2020-06-02 23:15:30', '2020-06-02 23:15:30'), ('13', '1', '79', 'Dhdh', '0', '0', '0', '1', '86643', '2020-06-02 23:20:46', '2020-06-02 23:20:46'), ('14', '1', '79', '那你呢', '0', '0', '0', '1', '86643', '2020-06-02 23:21:04', '2020-06-02 23:21:04'), ('15', '1', '81', '哦哦哦', '0', '0', '0', '1', '86643', '2020-06-02 23:21:27', '2020-06-02 23:21:27'), ('16', '1', '81', 'jj', '0', '0', '0', '1', '86643', '2020-06-02 23:23:52', '2020-06-02 23:23:52'), ('17', '1', '81', '追上我', '0', '0', '1', '1', '86643', '2020-06-02 23:24:15', '2020-06-03 21:36:16'), ('18', '1', '81', '回去', '0', '0', '0', '1', '86643', '2020-06-03 21:42:35', '2020-06-03 21:42:35'), ('19', '1', '81', '胡', '0', '0', '0', '1', '86643', '2020-06-03 21:42:47', '2020-06-03 21:42:47'), ('20', '1', '81', '啊啊', '0', '0', '0', '1', '86643', '2020-06-03 21:43:14', '2020-06-03 21:44:16'), ('21', '1', '81', '安抚', '0', '0', '0', '1', '86643', '2020-06-03 21:44:22', '2020-06-03 21:44:22'), ('22', '1', '81', '阿凡达', '0', '0', '0', '1', '86643', '2020-06-03 21:44:29', '2020-06-03 21:44:29'), ('23', '1', '81', '发的', '17', '0', '0', '1', '86643', '2020-06-03 21:44:54', '2020-06-03 21:44:54'), ('24', '1', '81', 'asd', '0', '0', '0', '1', '86643', '2020-06-03 21:46:38', '2020-06-03 21:46:38'), ('25', '1', '81', 'af ', '0', '0', '1', '1', '86643', '2020-06-03 21:49:27', '2020-06-03 23:15:49'), ('26', '1', '81', 'zv', '0', '0', '1', '1', '86643', '2020-06-03 21:50:10', '2020-06-03 23:04:15'), ('27', '1', '81', 'nn', '25', '0', '0', '1', '86643', '2020-06-03 21:54:05', '2020-06-03 21:54:05'), ('28', '1', '81', 'm', '26', '0', '1', '1', '86643', '2020-06-03 21:55:18', '2020-06-03 23:15:46'), ('29', '1', '81', 'fsa', '26', '0', '1', '1', '86643', '2020-06-03 22:04:25', '2020-06-04 18:13:03'), ('30', '1', '81', 'asfd ', '20', '0', '0', '1', '86643', '2020-06-03 22:04:41', '2020-06-03 22:04:41'), ('31', '1', '81', 'afs', '26', '0', '0', '1', '86643', '2020-06-04 18:10:27', '2020-06-04 18:10:27'), ('32', '1', '81', 'fd', '26', '0', '0', '1', '86643', '2020-06-04 18:10:31', '2020-06-04 18:10:31'), ('33', '1', '81', 'sfd sd', '26', '0', '0', '1', '86643', '2020-06-04 18:10:34', '2020-06-04 18:10:34'), ('34', '1', '81', 'sdf asdf ', '26', '0', '0', '1', '86643', '2020-06-04 18:10:39', '2020-06-04 18:10:39'), ('35', '1', '78', 'com\n', '0', '0', '1', '1', '86643', '2020-06-04 18:16:20', '2020-06-04 18:18:15'), ('36', '1', '81', 'ooo', '0', '0', '0', '1', '86643', '2020-06-04 18:58:55', '2020-06-04 18:58:55'), ('37', '1', '81', 'kk', '0', '0', '0', '1', '86643', '2020-06-04 20:30:21', '2020-06-04 20:30:21'), ('38', '1', '81', 'n', '0', '0', '0', '1', '86643', '2020-06-04 20:31:18', '2020-06-04 20:31:18'), ('39', '1', '81', 'n', '0', '0', '0', '1', '86643', '2020-06-04 20:31:24', '2020-06-04 20:31:24'), ('40', '1', '81', 'n', '0', '0', '0', '1', '86643', '2020-06-04 20:36:11', '2020-06-04 20:36:11'), ('41', '1', '81', 'kk', '0', '0', '0', '1', '86643', '2020-06-04 20:42:03', '2020-06-04 20:42:03'), ('42', '1', '81', 'oo', '41', '0', '0', '1', '86643', '2020-06-04 20:42:13', '2020-06-04 20:42:13'), ('43', '1', '81', 'vv', '41', '0', '0', '1', '86643', '2020-06-04 20:43:57', '2020-06-04 20:43:57'), ('44', '1', '81', 'vvbn', '41', '0', '0', '1', '86643', '2020-06-04 20:44:07', '2020-06-04 20:44:07'), ('45', '1', '81', 'hkh', '0', '0', '0', '1', '86643', '2020-06-04 20:44:11', '2020-06-04 20:44:11'), ('46', '1', '81', 'zz', '0', '0', '0', '1', '86643', '2020-06-04 21:12:16', '2020-06-04 21:12:16'), ('47', '1', '81', 'sf', '45', '0', '0', '1', '86643', '2020-06-04 21:12:20', '2020-06-04 21:12:20'), ('48', '1', '81', '1', '46', '0', '0', '1', '86643', '2020-06-04 22:23:09', '2020-06-04 22:23:09'), ('49', '1', '81', '2', '46', '0', '0', '1', '86643', '2020-06-04 22:23:14', '2020-06-04 22:23:14'), ('50', '1', '81', '3', '46', '0', '0', '1', '86643', '2020-06-04 22:23:21', '2020-06-04 22:23:21'), ('51', '1', '81', '4', '46', '0', '0', '1', '86643', '2020-06-04 22:23:26', '2020-06-04 22:23:26'), ('52', '1', '81', '5', '46', '0', '0', '1', '86643', '2020-06-04 22:23:30', '2020-06-04 22:23:30'), ('53', '1', '81', '6', '46', '0', '0', '1', '86643', '2020-06-04 22:23:34', '2020-06-04 22:23:34'), ('54', '1', '81', '7', '46', '0', '0', '1', '86643', '2020-06-04 22:23:38', '2020-06-04 22:23:38'), ('55', '1', '81', 'nn', '0', '0', '0', '1', '86643', '2020-06-04 22:29:05', '2020-06-04 22:29:05'), ('56', '1', '81', 'nn', '20', '0', '0', '1', '86643', '2020-06-04 22:40:18', '2020-06-04 22:40:18'), ('57', '1', '81', '你们那', '46', '53', '1', '1', '86643', '2020-06-04 22:45:24', '2020-06-04 23:33:47'), ('58', '1', '81', 'v', '46', '53', '0', '1', '86643', '2020-06-04 22:45:38', '2020-06-04 22:45:38'), ('59', '1', '81', 'saf', '46', '0', '0', '1', '86643', '2020-06-04 23:03:59', '2020-06-04 23:03:59'), ('60', '1', '81', '给你', '0', '0', '0', '1', '86643', '2020-06-04 23:33:33', '2020-06-04 23:33:33'), ('61', '1', '81', '追上我', '46', '54', '0', '1', '86643', '2020-06-04 23:35:06', '2020-06-04 23:35:06'), ('62', '1', '81', '给你', '46', '0', '0', '1', '86643', '2020-06-04 23:36:38', '2020-06-04 23:36:38'), ('63', '1', '78', '测试', '0', '0', '0', '1', '86643', '2020-06-04 23:37:10', '2020-06-04 23:37:10'), ('64', '1', '83', 'nnjjj', '0', '0', '0', '1', '86643', '2020-06-05 09:52:04', '2020-06-05 09:52:25'), ('65', '1', '66', '测试1', '0', '0', '0', '1', '86643', '2020-06-06 10:41:44', '2020-06-06 10:41:44'), ('66', '1', '66', '咋了', '0', '0', '0', '1', '86643', '2020-06-06 14:21:02', '2020-06-06 14:21:02'), ('67', '1', '66', '咋了早睡早起', '0', '0', '0', '1', '86643', '2020-06-06 14:21:11', '2020-06-06 14:21:11'), ('68', '1', '66', '咋了早睡早起好的', '67', '0', '0', '1', '86643', '2020-06-06 14:21:20', '2020-06-06 14:21:20'), ('69', '1', '66', 'nbnn', '0', '0', '0', '1', '86643', '2020-06-06 14:47:34', '2020-06-06 14:47:34'), ('70', '1', '83', 'bnbn', '0', '0', '0', '1', '86643', '2020-06-06 14:48:50', '2020-06-06 14:48:50'), ('71', '1', '82', 'nnn', '0', '0', '0', '1', '86643', '2020-06-06 14:50:51', '2020-06-06 14:50:51'), ('72', '1', '66', 'nn', '0', '0', '0', '1', '86643', '2020-06-06 14:52:33', '2020-06-06 14:52:33'), ('73', '1', '83', 'bb', '0', '0', '0', '1', '86643', '2020-06-06 14:52:59', '2020-06-06 14:52:59'), ('74', '1', '66', 'll', '0', '0', '0', '1', '86643', '2020-06-06 14:56:55', '2020-06-06 14:56:55'), ('75', '1', '66', ';', '72', '0', '0', '1', '86643', '2020-06-06 14:57:13', '2020-06-06 14:57:13'), ('76', '1', '83', 'll', '0', '0', '0', '1', '86643', '2020-06-06 15:01:49', '2020-06-06 15:01:49'), ('77', '1', '83', 'nn', '76', '0', '0', '1', '86643', '2020-06-06 15:05:51', '2020-06-06 15:05:51'), ('78', '1', '66', 'nn', '72', '0', '0', '1', '86643', '2020-06-06 15:09:07', '2020-06-06 15:09:07'), ('79', '1', '66', 'uu', '74', '0', '0', '1', '86643', '2020-06-06 15:09:23', '2020-06-06 15:09:23'), ('80', '1', '83', 'nn', '76', '0', '0', '1', '86643', '2020-06-06 15:09:45', '2020-06-06 15:09:45'), ('81', '1', '83', 'jj', '73', '0', '0', '1', '86643', '2020-06-06 15:09:56', '2020-06-06 15:09:56'), ('82', '1', '83', 'uiu', '73', '0', '0', '1', '86643', '2020-06-06 15:10:07', '2020-06-06 15:10:07'), ('83', '1', '83', 'jklj', '0', '0', '0', '1', '86643', '2020-06-06 15:10:12', '2020-06-06 15:10:12'), ('84', '1', '83', 'jkjk', '76', '80', '0', '1', '86643', '2020-06-06 15:10:24', '2020-06-06 15:10:24'), ('85', '1', '87', '评论下是', '0', '0', '0', '1', '86643', '2020-06-07 11:05:31', '2020-06-07 11:05:31'), ('86', '1', '87', '你们那你', '0', '0', '0', '1', '86643', '2020-06-07 17:33:26', '2020-06-07 17:33:26'), ('87', '1', '87', 'asdf ', '0', '0', '1', '1', '86643', '2020-06-07 17:35:23', '2020-06-13 21:47:13'), ('88', '1', '90', '测试的', '0', '0', '1', '1', '86643', '2020-06-07 18:08:04', '2020-06-07 18:08:10'), ('89', '1', '90', '跟你说过多少次', '88', '0', '0', '1', '86643', '2020-06-08 18:30:24', '2020-06-08 18:30:24'), ('90', '1', '90', '好的', '88', '0', '0', '1', '86643', '2020-06-08 18:30:31', '2020-06-08 18:30:31'), ('91', '1', '90', '好的', '0', '0', '0', '1', '86643', '2020-06-08 18:30:36', '2020-06-08 18:30:36'), ('92', '1', '87', '阿斯蒂芬', '87', '0', '0', '1', '86643', '2020-06-11 23:33:48', '2020-06-11 23:33:48'), ('93', '1', '91', 'jkjk', '0', '0', '0', '1', '86643', '2020-06-13 22:41:35', '2020-06-13 23:22:43'), ('94', '1', '93', '???', '0', '0', '0', '1', '86643', '2020-06-16 20:49:05', '2020-06-16 20:49:05'), ('95', '1', '94', '哈\n', '0', '0', '0', '1', '86643', '2020-06-16 22:16:10', '2020-06-16 22:16:10'), ('96', '1', '42', '可以', '0', '0', '0', '1', '86643', '2020-06-16 23:46:22', '2020-06-16 23:46:22'), ('97', '1', '96', '叫我看看评论这个傻逼能收到吗', '0', '0', '0', '1', '86643', '2020-06-20 20:30:07', '2020-06-20 20:30:07'), ('98', '1', '96', '脑子坏掉了？', '97', '0', '0', '1', '86643', '2020-06-21 09:29:46', '2020-06-21 09:29:46'), ('99', '14', '102', '傻B', '0', '0', '0', '1', '86643', '2020-06-26 01:23:11', '2020-06-27 11:09:32'), ('102', '12', '108', '???', '0', '0', '0', '1', '86643', '2020-07-04 22:52:06', '2020-07-04 22:52:06'), ('103', '13', '110', '评论里<text data-type=\'USER\' style=\'color: #577C9F\'>@范超</text>', '0', '0', '0', '1', '86643', '2020-07-05 10:30:47', '2020-07-05 10:30:47'), ('104', '12', '110', '<text data-type=\'USER\' style=\'color: #577C9F\'>@范超</text>', '0', '0', '0', '1', '86643', '2020-07-05 10:32:33', '2020-07-05 10:32:33'), ('105', '12', '110', '<text data-type=\'USER\' style=\'color: #577C9F\'>@范超</text>', '0', '0', '0', '1', '86643', '2020-07-05 10:33:26', '2020-07-05 10:33:26'), ('108', '13', '96', '<text data-type=\'USER\' style=\'color: #577C9F\'>@范超</text> 二级', '97', '0', '0', '1', '86643', '2020-07-05 10:39:39', '2020-07-05 10:39:39'), ('109', '14', '115', '啥玩意儿', '0', '0', '0', '1', '86643', '2020-07-05 17:28:41', '2020-07-05 17:28:41'), ('110', '13', '107', '评论动态', '0', '0', '0', '1', '86643', '2020-07-05 19:03:27', '2020-07-05 19:03:27'), ('111', '13', '107', '二级', '110', '0', '0', '1', '86643', '2020-07-05 19:04:00', '2020-07-05 19:04:00'), ('112', '12', '112', 'asdf ', '0', '0', '0', '1', '86643', '2020-07-05 19:04:48', '2020-07-05 19:04:48'), ('113', '12', '112', 'sdf', '112', '0', '0', '1', '86643', '2020-07-05 19:04:53', '2020-07-05 19:04:53'), ('114', '13', '112', '的', '112', '0', '0', '1', '86643', '2020-07-05 19:05:16', '2020-07-05 19:05:16'), ('115', '13', '112', '1', '0', '0', '0', '1', '86643', '2020-07-05 19:05:23', '2020-07-05 19:05:23'), ('116', '13', '112', '2', '115', '0', '0', '1', '86643', '2020-07-05 19:05:28', '2020-07-05 19:05:28'), ('117', '13', '112', '回复reply', '112', '113', '0', '1', '86643', '2020-07-05 19:05:42', '2020-07-05 19:05:42');
COMMIT;

-- ----------------------------
--  Table structure for `feedback`
-- ----------------------------
DROP TABLE IF EXISTS `feedback`;
CREATE TABLE `feedback` (
  `id` bigint(20) NOT NULL AUTO_INCREMENT COMMENT '主键',
  `type` varchar(50) NOT NULL COMMENT '类型',
  `content` varchar(1000) NOT NULL DEFAULT '' COMMENT '内容',
  `contact_info` varchar(50) NOT NULL DEFAULT '' COMMENT '联系方式',
  `user_id` bigint(20) NOT NULL COMMENT '用户id',
  `artist_id` bigint(20) NOT NULL COMMENT '演出者id',
  `create_time` datetime NOT NULL DEFAULT CURRENT_TIMESTAMP COMMENT '创建时间',
  `update_time` datetime NOT NULL DEFAULT CURRENT_TIMESTAMP ON UPDATE CURRENT_TIMESTAMP COMMENT '更新时间',
  PRIMARY KEY (`id`)
) ENGINE=InnoDB AUTO_INCREMENT=44 DEFAULT CHARSET=utf8mb4 ROW_FORMAT=DYNAMIC COMMENT='意见反馈';

-- ----------------------------
--  Records of `feedback`
-- ----------------------------
BEGIN;
INSERT INTO `feedback` VALUES ('1', 'QUESTION', '12', 'sdf', '1', '86643', '2020-06-20 11:17:02', '2020-06-20 11:17:02'), ('2', 'QUESTION', '我就测试下', '157', '1', '86643', '2020-06-20 11:26:30', '2020-06-20 11:26:30'), ('3', 'QUESTION', '我就测试下', '157', '1', '86643', '2020-06-20 11:26:32', '2020-06-20 11:26:32'), ('4', 'QUESTION', '我就测试下', '157', '1', '86643', '2020-06-20 11:26:35', '2020-06-20 11:26:35'), ('5', 'QUESTION', '我就测试下', '157', '1', '86643', '2020-06-20 11:26:36', '2020-06-20 11:26:36'), ('6', 'QUESTION', '我就测试下', '157', '1', '86643', '2020-06-20 11:26:37', '2020-06-20 11:26:37'), ('7', 'QUESTION', '我就测试下', '157', '1', '86643', '2020-06-20 11:26:37', '2020-06-20 11:26:37'), ('8', 'QUESTION', '我就测试下', '157', '1', '86643', '2020-06-20 11:26:37', '2020-06-20 11:26:37'), ('9', 'QUESTION', '我就测试下', '157', '1', '86643', '2020-06-20 11:26:37', '2020-06-20 11:26:37'), ('10', 'QUESTION', '我就测试下', '157', '1', '86643', '2020-06-20 11:26:38', '2020-06-20 11:26:38'), ('11', 'QUESTION', '我就测试下', '157', '1', '86643', '2020-06-20 11:26:38', '2020-06-20 11:26:38'), ('12', 'QUESTION', '我就测试下', '157', '1', '86643', '2020-06-20 11:26:38', '2020-06-20 11:26:38'), ('13', 'QUESTION', '我就测试下', '157', '1', '86643', '2020-06-20 11:26:38', '2020-06-20 11:26:38'), ('14', 'QUESTION', '我就测试下', '157', '1', '86643', '2020-06-20 11:26:38', '2020-06-20 11:26:38'), ('15', 'QUESTION', '我就测试下', '157', '1', '86643', '2020-06-20 11:26:45', '2020-06-20 11:26:45'), ('16', 'QUESTION', '我就测试下', '157', '1', '86643', '2020-06-20 11:26:45', '2020-06-20 11:26:45'), ('17', 'QUESTION', '我就测试下', '157', '1', '86643', '2020-06-20 11:26:48', '2020-06-20 11:26:48'), ('18', 'QUESTION', '我就测试下', '157', '1', '86643', '2020-06-20 11:26:48', '2020-06-20 11:26:48'), ('19', 'QUESTION', '我就测试下', '157', '1', '86643', '2020-06-20 11:26:48', '2020-06-20 11:26:48'), ('20', 'QUESTION', '我就测试下', '157', '1', '86643', '2020-06-20 11:26:49', '2020-06-20 11:26:49'), ('21', 'QUESTION', '我就测试下', '157', '1', '86643', '2020-06-20 11:26:49', '2020-06-20 11:26:49'), ('22', 'QUESTION', '我就测试下', '157', '1', '86643', '2020-06-20 11:26:49', '2020-06-20 11:26:49'), ('23', 'QUESTION', '我就测试下', '157', '1', '86643', '2020-06-20 11:26:49', '2020-06-20 11:26:49'), ('24', 'QUESTION', '我就测试下', '157', '1', '86643', '2020-06-20 11:26:49', '2020-06-20 11:26:49'), ('25', 'QUESTION', '我就测试下', '157', '1', '86643', '2020-06-20 11:26:51', '2020-06-20 11:26:51'), ('26', 'QUESTION', '我就测试下', '157', '1', '86643', '2020-06-20 11:26:52', '2020-06-20 11:26:52'), ('27', 'QUESTION', '我就测试下', '157', '1', '86643', '2020-06-20 11:26:58', '2020-06-20 11:26:58'), ('28', 'QUESTION', 'cdsc', '', '1', '86643', '2020-06-20 15:43:23', '2020-06-20 15:43:23'), ('29', 'QUESTION', 'afdd', '', '1', '86643', '2020-06-20 15:43:54', '2020-06-20 15:43:54'), ('30', 'QUESTION', 'as', '', '1', '86643', '2020-06-20 15:44:45', '2020-06-20 15:44:45'), ('31', 'QUESTION', '水电费', '', '1', '86643', '2020-06-20 15:48:22', '2020-06-20 15:48:22'), ('32', 'QUESTION', 'asfd', '', '1', '86643', '2020-06-20 15:51:01', '2020-06-20 15:51:01'), ('33', 'QUESTION', 'asdf', '', '1', '86643', '2020-06-20 15:51:16', '2020-06-20 15:51:16'), ('34', 'QUESTION', 'df', '', '1', '86643', '2020-06-20 15:53:46', '2020-06-20 15:53:46'), ('35', 'QUESTION', 'sadf', '', '1', '86643', '2020-06-20 15:54:28', '2020-06-20 15:54:28'), ('36', 'QUESTION', 'sadf', '', '1', '86643', '2020-06-20 15:54:48', '2020-06-20 15:54:48'), ('37', 'QUESTION', 'sadf', '', '1', '86643', '2020-06-20 15:55:06', '2020-06-20 15:55:06'), ('38', 'QUESTION', 'asfd', '', '1', '86643', '2020-06-20 15:55:33', '2020-06-20 15:55:33'), ('39', 'QUESTION', 'asdf', '', '1', '86643', '2020-06-20 15:55:46', '2020-06-20 15:55:46'), ('40', 'QUESTION', 'sadf', '', '1', '86643', '2020-06-20 15:55:54', '2020-06-20 15:55:54'), ('41', 'QUESTION', '你', '', '1', '86643', '2020-06-20 15:58:28', '2020-06-20 15:58:28'), ('42', 'QUESTION', 'b', '', '1', '86643', '2020-06-20 22:27:53', '2020-06-20 22:27:53'), ('43', 'QUESTION', '？', '', '12', '86643', '2020-07-02 23:13:17', '2020-07-02 23:13:17');
COMMIT;

-- ----------------------------
--  Table structure for `follow_relation`
-- ----------------------------
DROP TABLE IF EXISTS `follow_relation`;
CREATE TABLE `follow_relation` (
  `id` bigint(20) NOT NULL AUTO_INCREMENT COMMENT '主键',
  `user_id` bigint(20) NOT NULL COMMENT '用户id',
  `target_type` varchar(10) NOT NULL COMMENT '目标类型（USER：用户，TAG：标签）',
  `target_id` bigint(20) NOT NULL COMMENT '目标id',
  `artist_id` bigint(20) NOT NULL COMMENT '演出者id',
  `create_time` datetime NOT NULL DEFAULT CURRENT_TIMESTAMP COMMENT '创建时间',
  `update_time` datetime NOT NULL DEFAULT CURRENT_TIMESTAMP ON UPDATE CURRENT_TIMESTAMP COMMENT '更新时间',
  PRIMARY KEY (`id`),
  UNIQUE KEY `idx_user_id` (`user_id`,`target_type`,`target_id`,`artist_id`)
) ENGINE=InnoDB AUTO_INCREMENT=56 DEFAULT CHARSET=utf8mb4 ROW_FORMAT=DYNAMIC COMMENT='关注-关联表';

-- ----------------------------
--  Records of `follow_relation`
-- ----------------------------
BEGIN;
INSERT INTO `follow_relation` VALUES ('14', '1', 'USER', '1', '86643', '2020-06-19 22:11:58', '2020-06-19 22:11:58'), ('40', '12', 'USER', '13', '86643', '2020-06-27 22:50:20', '2020-06-27 22:50:20'), ('49', '12', 'USER', '1', '86643', '2020-06-27 22:52:47', '2020-06-27 22:52:47'), ('51', '12', 'USER', '14', '86643', '2020-07-02 12:50:14', '2020-07-02 12:50:14'), ('52', '12', 'USER', '12', '86643', '2020-07-02 23:11:42', '2020-07-02 23:11:42'), ('54', '14', 'USER', '12', '86643', '2020-07-04 01:15:59', '2020-07-04 01:15:59'), ('55', '13', 'USER', '12', '86643', '2020-07-09 11:40:00', '2020-07-09 11:40:00');
COMMIT;

-- ----------------------------
--  Table structure for `joined_activity`
-- ----------------------------
DROP TABLE IF EXISTS `joined_activity`;
CREATE TABLE `joined_activity` (
  `id` bigint(20) NOT NULL AUTO_INCREMENT COMMENT '主键',
  `user_id` bigint(20) NOT NULL COMMENT '用户id',
  `activity_id` bigint(20) NOT NULL COMMENT '演出id',
  `artist_id` bigint(20) NOT NULL COMMENT '演出者id',
  `create_time` datetime NOT NULL DEFAULT CURRENT_TIMESTAMP COMMENT '创建时间',
  `update_time` datetime NOT NULL DEFAULT CURRENT_TIMESTAMP ON UPDATE CURRENT_TIMESTAMP COMMENT '更新时间',
  PRIMARY KEY (`id`),
  UNIQUE KEY `idx_user_activity_artist` (`user_id`,`activity_id`,`artist_id`)
) ENGINE=InnoDB AUTO_INCREMENT=15 DEFAULT CHARSET=utf8mb4 ROW_FORMAT=DYNAMIC COMMENT='参与过的演出表';

-- ----------------------------
--  Records of `joined_activity`
-- ----------------------------
BEGIN;
INSERT INTO `joined_activity` VALUES ('6', '1', '118', '86643', '2020-06-14 21:04:14', '2020-06-14 21:04:14'), ('8', '1', '139', '86643', '2020-06-14 21:09:11', '2020-06-14 21:09:11'), ('9', '1', '148', '86643', '2020-06-14 21:10:20', '2020-06-14 21:10:20'), ('10', '1', '147', '86643', '2020-06-14 21:11:18', '2020-06-14 21:11:18'), ('12', '1', '144', '86643', '2020-06-16 13:10:01', '2020-06-16 13:10:01'), ('13', '1', '108', '86643', '2020-06-16 20:49:36', '2020-06-16 20:49:36'), ('14', '1', '49', '86643', '2020-06-16 22:16:38', '2020-06-16 22:16:38');
COMMIT;

-- ----------------------------
--  Table structure for `like_relation`
-- ----------------------------
DROP TABLE IF EXISTS `like_relation`;
CREATE TABLE `like_relation` (
  `id` bigint(20) NOT NULL AUTO_INCREMENT COMMENT '主键',
  `user_id` bigint(20) NOT NULL COMMENT '用户id',
  `target_type` varchar(10) NOT NULL COMMENT '目标类型（MOMENT：动态，COMMENT：评论）',
  `target_id` bigint(20) NOT NULL COMMENT '目标id',
  `artist_id` bigint(20) NOT NULL COMMENT '演出者id',
  `create_time` datetime NOT NULL DEFAULT CURRENT_TIMESTAMP COMMENT '创建时间',
  `update_time` datetime NOT NULL DEFAULT CURRENT_TIMESTAMP ON UPDATE CURRENT_TIMESTAMP COMMENT '更新时间',
  PRIMARY KEY (`id`),
  UNIQUE KEY `idx_user_id` (`user_id`,`target_type`,`target_id`,`artist_id`)
) ENGINE=InnoDB AUTO_INCREMENT=223 DEFAULT CHARSET=utf8mb4 ROW_FORMAT=DYNAMIC COMMENT='点赞-关联表';

-- ----------------------------
--  Records of `like_relation`
-- ----------------------------
BEGIN;
INSERT INTO `like_relation` VALUES ('15', '1', 'MOMENT', '26', '86643', '2020-05-13 23:09:04', '2020-05-13 23:09:04'), ('16', '1', 'MOMENT', '25', '86643', '2020-05-13 23:09:05', '2020-05-13 23:09:05'), ('17', '1', 'MOMENT', '29', '86643', '2020-05-13 23:09:07', '2020-05-13 23:09:07'), ('21', '1', 'MOMENT', '37', '86643', '2020-05-13 23:09:20', '2020-05-13 23:09:20'), ('23', '1', 'MOMENT', '36', '86643', '2020-05-15 19:51:29', '2020-05-15 19:51:29'), ('24', '1', 'MOMENT', '35', '86643', '2020-05-15 19:51:30', '2020-05-15 19:51:30'), ('33', '1', 'MOMENT', '38', '86643', '2020-05-16 23:35:07', '2020-05-16 23:35:07'), ('36', '1', 'MOMENT', '39', '86643', '2020-05-17 10:58:48', '2020-05-17 10:58:48'), ('37', '1', 'MOMENT', '40', '86643', '2020-05-17 10:58:49', '2020-05-17 10:58:49'), ('54', '1', 'MOMENT', '42', '86643', '2020-05-17 11:11:42', '2020-05-17 11:11:42'), ('58', '1', 'MOMENT', '43', '86643', '2020-05-17 19:16:03', '2020-05-17 19:16:03'), ('68', '1', 'MOMENT', '33', '86643', '2020-05-17 19:21:03', '2020-05-17 19:21:03'), ('70', '1', 'MOMENT', '30', '86643', '2020-05-17 19:26:49', '2020-05-17 19:26:49'), ('76', '1', 'MOMENT', '50', '86643', '2020-05-17 23:52:50', '2020-05-17 23:52:50'), ('77', '1', 'MOMENT', '47', '86643', '2020-05-17 23:52:58', '2020-05-17 23:52:58'), ('80', '1', 'MOMENT', '55', '86643', '2020-05-18 22:33:20', '2020-05-18 22:33:20'), ('81', '1', 'MOMENT', '57', '86643', '2020-05-18 22:56:22', '2020-05-18 22:56:22'), ('87', '1', 'MOMENT', '52', '86643', '2020-05-19 10:49:34', '2020-05-19 10:49:34'), ('88', '1', 'MOMENT', '68', '86643', '2020-05-19 21:56:06', '2020-05-19 21:56:06'), ('91', '1', 'MOMENT', '74', '86643', '2020-06-02 23:24:54', '2020-06-02 23:24:54'), ('98', '1', 'COMMENT', '17', '86643', '2020-06-03 21:36:16', '2020-06-03 21:36:16'), ('103', '1', 'COMMENT', '26', '86643', '2020-06-03 23:04:15', '2020-06-03 23:04:15'), ('104', '1', 'COMMENT', '28', '86643', '2020-06-03 23:15:46', '2020-06-03 23:15:46'), ('105', '1', 'COMMENT', '25', '86643', '2020-06-03 23:15:49', '2020-06-03 23:15:49'), ('106', '1', 'COMMENT', '29', '86643', '2020-06-04 18:13:03', '2020-06-04 18:13:03'), ('107', '1', 'COMMENT', '35', '86643', '2020-06-04 18:18:15', '2020-06-04 18:18:15'), ('108', '1', 'COMMENT', '57', '86643', '2020-06-04 23:33:47', '2020-06-04 23:33:47'), ('112', '1', 'MOMENT', '81', '86643', '2020-06-05 11:21:57', '2020-06-05 11:21:57'), ('114', '1', 'MOMENT', '44', '86643', '2020-06-06 14:20:43', '2020-06-06 14:20:43'), ('117', '1', 'COMMENT', '88', '86643', '2020-06-07 18:08:10', '2020-06-07 18:08:10'), ('129', '1', 'COMMENT', '87', '86643', '2020-06-13 21:47:13', '2020-06-13 21:47:13'), ('211', '1', 'MOMENT', '85', '86643', '2020-06-14 21:32:47', '2020-06-14 21:32:47'), ('214', '1', 'MOMENT', '93', '86643', '2020-06-17 11:21:52', '2020-06-17 11:21:52'), ('215', '1', 'MOMENT', '95', '86643', '2020-06-18 12:32:08', '2020-06-18 12:32:08'), ('216', '1', 'MOMENT', '87', '86643', '2020-06-19 23:18:14', '2020-06-19 23:18:14'), ('218', '12', 'MOMENT', '87', '86643', '2020-07-02 23:12:13', '2020-07-02 23:12:13'), ('220', '12', 'MOMENT', '107', '86643', '2020-07-04 23:01:24', '2020-07-04 23:01:24'), ('221', '12', 'MOMENT', '115', '86643', '2020-07-05 17:28:03', '2020-07-05 17:28:03'), ('222', '13', 'MOMENT', '115', '86643', '2020-07-09 11:39:47', '2020-07-09 11:39:47');
COMMIT;

-- ----------------------------
--  Table structure for `moment`
-- ----------------------------
DROP TABLE IF EXISTS `moment`;
CREATE TABLE `moment` (
  `id` bigint(20) NOT NULL AUTO_INCREMENT COMMENT '主键',
  `user_id` bigint(20) NOT NULL COMMENT '发送者id',
  `type` varchar(20) NOT NULL COMMENT '类型（TEXT：纯文本，IMAGE：图片，VIDEO：视频）',
  `text_content` varchar(1000) NOT NULL DEFAULT '' COMMENT '文本内容',
  `activity_id` bigint(20) NOT NULL DEFAULT '0' COMMENT '活动id',
  `like_count` int(11) NOT NULL DEFAULT '0' COMMENT '点赞数量',
  `comment_count` int(11) NOT NULL DEFAULT '0' COMMENT '评论数量',
  `repost_count` int(11) NOT NULL DEFAULT '0' COMMENT '转发数量',
  `share_count` int(11) NOT NULL DEFAULT '0' COMMENT '分享数量',
  `view_count` int(11) NOT NULL DEFAULT '0' COMMENT '查看次数',
  `repost_moment_id` bigint(20) NOT NULL DEFAULT '0' COMMENT '转发的动态id',
  `status` int(11) NOT NULL DEFAULT '1' COMMENT '状态（0：已屏蔽，1：正常，2：已删除）',
  `artist_id` bigint(20) NOT NULL COMMENT '演出者id',
  `create_time` datetime NOT NULL DEFAULT CURRENT_TIMESTAMP COMMENT '创建时间',
  `update_time` datetime NOT NULL DEFAULT CURRENT_TIMESTAMP ON UPDATE CURRENT_TIMESTAMP COMMENT '更新时间',
  PRIMARY KEY (`id`),
  KEY `idx_user_id` (`user_id`)
) ENGINE=InnoDB AUTO_INCREMENT=117 DEFAULT CHARSET=utf8mb4 ROW_FORMAT=DYNAMIC COMMENT='动态表';

-- ----------------------------
--  Records of `moment`
-- ----------------------------
BEGIN;
INSERT INTO `moment` VALUES ('1', '1', 'IMAGE', '', '147', '0', '0', '0', '0', '0', '0', '1', '1', '2020-02-28 17:42:19', '2020-06-15 21:23:27'), ('2', '1', 'TEXT', '123', '147', '0', '0', '0', '0', '0', '0', '1', '86643', '2020-05-04 12:47:31', '2020-06-15 21:23:27'), ('3', '1', 'TEXT', '123', '147', '0', '0', '0', '0', '0', '0', '1', '86643', '2020-05-04 12:48:21', '2020-06-15 21:23:27'), ('4', '1', 'TEXT', 'sadfsdf', '147', '0', '0', '0', '0', '0', '0', '1', '86643', '2020-05-04 21:04:57', '2020-06-15 21:23:27'), ('5', '1', 'TEXT', ' lnlk', '147', '0', '0', '0', '0', '0', '0', '1', '86643', '2020-05-04 21:06:52', '2020-06-15 21:23:27'), ('6', '1', 'TEXT', 'mlml', '147', '0', '0', '0', '0', '0', '0', '1', '86643', '2020-05-04 21:09:39', '2020-06-15 21:23:27'), ('7', '1', 'TEXT', 'asdfasd', '147', '0', '0', '0', '0', '0', '0', '1', '86643', '2020-05-04 21:10:38', '2020-06-15 21:23:27'), ('8', '1', 'TEXT', '', '147', '0', '0', '0', '0', '0', '0', '1', '86643', '2020-05-04 21:20:32', '2020-06-15 21:23:27'), ('9', '1', 'IMAGE', '发生发', '147', '0', '0', '0', '0', '0', '0', '1', '86643', '2020-05-04 21:21:10', '2020-06-15 21:23:27'), ('12', '1', 'IMAGE', 'm', '147', '0', '0', '0', '0', '0', '0', '1', '86643', '2020-05-04 22:09:34', '2020-06-15 21:23:27'), ('13', '1', 'IMAGE', 'asdf ', '147', '0', '0', '0', '0', '0', '0', '1', '86643', '2020-05-04 22:13:08', '2020-06-15 21:23:27'), ('14', '1', 'IMAGE', 'm', '147', '0', '0', '0', '0', '0', '0', '1', '86643', '2020-05-04 22:14:29', '2020-06-15 21:23:27'), ('15', '1', 'IMAGE', 'd', '147', '0', '0', '0', '0', '0', '0', '1', '86643', '2020-05-04 22:19:36', '2020-06-15 21:23:27'), ('16', '1', 'IMAGE', 'n', '147', '0', '0', '0', '0', '0', '0', '1', '86643', '2020-05-04 22:20:42', '2020-06-15 21:23:27'), ('17', '1', 'IMAGE', 'm', '147', '0', '0', '0', '0', '0', '0', '1', '86643', '2020-05-04 22:26:12', '2020-06-15 21:23:27'), ('18', '1', 'IMAGE', 'm', '147', '0', '0', '0', '0', '0', '0', '1', '86643', '2020-05-04 22:26:21', '2020-06-15 21:23:27'), ('19', '1', 'IMAGE', 'm', '147', '0', '0', '0', '0', '0', '0', '1', '86643', '2020-05-04 22:27:02', '2020-06-15 21:23:27'), ('20', '1', 'IMAGE', '好的，谢谢', '147', '0', '0', '0', '0', '0', '0', '1', '86643', '2020-05-04 22:30:21', '2020-06-15 21:23:27'), ('21', '1', 'TEXT', '啊', '147', '0', '0', '0', '0', '0', '0', '1', '86643', '2020-05-04 22:35:44', '2020-06-15 21:23:27'), ('22', '1', 'IMAGE', '1', '147', '0', '0', '0', '0', '0', '0', '1', '86643', '2020-05-04 22:40:49', '2020-06-15 21:23:27'), ('23', '1', 'IMAGE', '2', '147', '0', '0', '0', '0', '0', '0', '1', '86643', '2020-05-07 17:24:10', '2020-06-15 21:23:27'), ('24', '1', 'IMAGE', '3', '147', '0', '0', '0', '0', '0', '0', '1', '86643', '2020-05-07 17:34:07', '2020-06-15 21:23:27'), ('25', '1', 'IMAGE', '2', '147', '1', '0', '0', '0', '0', '0', '1', '86643', '2020-05-07 17:35:09', '2020-06-15 21:23:27'), ('26', '1', 'IMAGE', '4', '147', '1', '0', '0', '0', '0', '0', '1', '86643', '2020-05-07 17:36:22', '2020-06-15 21:23:27'), ('27', '1', 'IMAGE', '5', '147', '0', '0', '0', '0', '0', '0', '1', '86643', '2020-05-07 17:38:34', '2020-06-15 21:23:27'), ('28', '1', 'IMAGE', '6', '147', '0', '0', '0', '0', '0', '0', '1', '86643', '2020-05-07 17:46:59', '2020-06-15 21:23:27'), ('29', '1', 'IMAGE', '7', '147', '1', '0', '0', '0', '0', '0', '1', '86643', '2020-05-07 17:47:44', '2020-06-15 21:23:27'), ('30', '1', 'IMAGE', '8', '147', '1', '0', '0', '0', '0', '0', '1', '86643', '2020-05-07 17:49:41', '2020-06-15 21:23:27'), ('31', '1', 'IMAGE', '9', '147', '0', '0', '0', '0', '0', '0', '1', '86643', '2020-05-07 17:50:43', '2020-06-15 21:23:27'), ('32', '1', 'IMAGE', '12', '147', '0', '0', '0', '0', '0', '0', '1', '86643', '2020-05-10 22:49:44', '2020-06-15 21:23:27'), ('33', '1', 'IMAGE', '', '147', '0', '0', '0', '0', '0', '0', '1', '86643', '2020-05-11 21:25:16', '2020-06-15 21:23:27'), ('34', '1', 'TEXT', '333', '147', '0', '0', '0', '0', '0', '0', '1', '86643', '2020-05-11 21:25:28', '2020-06-15 21:23:27'), ('35', '1', 'TEXT', '', '147', '1', '0', '0', '0', '0', '0', '1', '86643', '2020-05-11 21:25:39', '2020-06-15 21:23:27'), ('36', '1', 'TEXT', '123', '147', '1', '0', '0', '0', '0', '0', '1', '86643', '2020-05-11 21:26:13', '2020-06-15 21:23:27'), ('37', '1', 'TEXT', 'sdfas hasdhv ;alsdf', '147', '1', '0', '0', '0', '0', '0', '1', '86643', '2020-05-11 21:35:01', '2020-06-15 21:23:27'), ('38', '1', 'TEXT', '12', '147', '1', '0', '0', '0', '0', '0', '1', '86643', '2020-05-13 23:08:47', '2020-06-15 21:23:27'), ('39', '1', 'TEXT', 'Test', '147', '1', '0', '0', '0', '0', '0', '1', '86643', '2020-05-15 16:07:31', '2020-06-15 21:23:27'), ('40', '1', 'TEXT', '1', '147', '1', '0', '0', '0', '0', '0', '1', '86643', '2020-05-17 10:25:48', '2020-06-15 21:23:27'), ('42', '1', 'VIDEO', 'nn', '147', '1', '1', '0', '0', '1', '0', '1', '86643', '2020-05-17 10:47:15', '2020-06-16 23:46:22'), ('43', '1', 'VIDEO', '123123', '147', '1', '0', '0', '0', '0', '0', '1', '86643', '2020-05-17 11:16:01', '2020-06-15 21:23:27'), ('44', '1', 'VIDEO', '123', '147', '1', '0', '0', '0', '3', '0', '1', '86643', '2020-05-17 17:38:26', '2020-06-25 15:52:40'), ('45', '1', 'IMAGE', 'nn', '147', '0', '0', '0', '0', '0', '0', '1', '86643', '2020-05-17 18:40:00', '2020-06-15 21:23:27'), ('46', '1', 'TEXT', '123', '147', '0', '0', '0', '0', '0', '0', '1', '86643', '2020-05-17 18:40:15', '2020-06-15 21:23:27'), ('47', '1', 'TEXT', 'kkk', '147', '1', '0', '0', '0', '0', '0', '1', '86643', '2020-05-17 18:42:18', '2020-06-15 21:23:27'), ('48', '1', 'VIDEO', '123123', '147', '0', '0', '0', '0', '0', '0', '1', '86643', '2020-05-17 18:42:33', '2020-06-15 21:23:27'), ('49', '1', 'VIDEO', 'trhgfdg', '147', '-2', '0', '0', '0', '1', '0', '1', '86643', '2020-05-17 18:42:56', '2020-06-25 15:52:20'), ('50', '1', 'VIDEO', 'asdf', '147', '1', '0', '0', '0', '0', '49', '1', '86643', '2020-05-17 22:11:59', '2020-06-15 21:23:27'), ('51', '1', 'IMAGE', 'Ilikeit', '147', '0', '0', '0', '0', '0', '31', '1', '86643', '2020-05-17 23:53:38', '2020-06-15 21:23:27'), ('52', '1', 'IMAGE', 'T', '147', '1', '0', '0', '0', '0', '0', '1', '86643', '2020-05-17 23:54:15', '2020-06-15 21:23:27'), ('53', '1', 'IMAGE', '2', '147', '0', '0', '0', '0', '0', '0', '1', '86643', '2020-05-18 21:49:06', '2020-06-15 21:23:27'), ('54', '1', 'IMAGE', '3', '147', '0', '0', '0', '0', '0', '0', '1', '86643', '2020-05-18 22:18:30', '2020-06-15 21:23:27'), ('55', '1', 'IMAGE', '4', '147', '1', '0', '0', '0', '0', '0', '1', '86643', '2020-05-18 22:19:42', '2020-06-15 21:23:27'), ('56', '1', 'IMAGE', '8', '147', '0', '0', '0', '0', '0', '0', '1', '86643', '2020-05-18 22:21:28', '2020-06-15 21:23:27'), ('57', '1', 'IMAGE', '好的', '147', '1', '0', '0', '0', '0', '55', '1', '86643', '2020-05-18 22:33:27', '2020-06-15 21:23:27'), ('58', '1', 'IMAGE', '123', '147', '0', '0', '0', '0', '0', '56', '1', '86643', '2020-05-18 22:52:04', '2020-06-15 21:23:27'), ('59', '1', 'IMAGE', 'nmn', '147', '0', '0', '0', '0', '0', '56', '1', '86643', '2020-05-18 23:09:59', '2020-06-15 21:23:27'), ('60', '1', 'IMAGE', '1', '147', '0', '0', '0', '0', '0', '56', '1', '86643', '2020-05-19 09:40:31', '2020-06-15 21:23:27'), ('61', '1', 'IMAGE', '1', '147', '0', '0', '0', '0', '0', '0', '1', '86643', '2020-05-19 09:40:47', '2020-06-15 21:23:27'), ('62', '1', 'IMAGE', '1', '147', '0', '0', '0', '0', '0', '0', '1', '86643', '2020-05-19 09:41:27', '2020-06-15 21:23:27'), ('63', '1', 'IMAGE', '啊', '147', '0', '0', '0', '0', '0', '0', '1', '86643', '2020-05-19 16:07:19', '2020-06-15 21:23:27'), ('64', '1', 'IMAGE', '查', '147', '0', '0', '0', '0', '0', '54', '1', '86643', '2020-05-19 16:07:34', '2020-06-15 21:23:27'), ('65', '1', 'TEXT', 'erw', '147', '0', '0', '0', '0', '0', '0', '1', '86643', '2020-05-19 18:58:12', '2020-06-15 21:23:27'), ('66', '1', 'VIDEO', 'f', '147', '0', '10', '0', '0', '5', '0', '1', '86643', '2020-05-19 18:59:47', '2020-06-28 16:46:29'), ('67', '1', 'VIDEO', '123', '147', '0', '0', '0', '0', '0', '66', '1', '86643', '2020-05-19 21:18:49', '2020-06-15 21:23:27'), ('68', '1', 'VIDEO', '222', '147', '1', '0', '0', '0', '0', '66', '1', '86643', '2020-05-19 21:24:31', '2020-06-15 21:23:27'), ('69', '1', 'IMAGE', '1', '147', '0', '0', '0', '0', '0', '0', '1', '86643', '2020-05-19 23:18:50', '2020-06-15 21:23:27'), ('70', '1', 'IMAGE', '可以', '147', '0', '0', '0', '0', '0', '69', '1', '86643', '2020-05-19 23:19:50', '2020-06-15 21:23:27'), ('71', '1', 'IMAGE', '萨克大姐夫拉设计费撒娇管理会计发来的就爱上了；砥节奉公而就', '147', '0', '0', '0', '0', '0', '0', '1', '86643', '2020-05-20 09:45:50', '2020-06-15 21:23:27'), ('72', '1', 'IMAGE', '测试转发', '147', '0', '0', '0', '0', '0', '71', '1', '86643', '2020-05-20 09:46:00', '2020-06-15 21:23:27'), ('73', '1', 'TEXT', '<text data-type=\'TOPIC\' data-id=\'\' class=\'moment-text-content-blue-highlight\'>#话题1#</text>', '147', '0', '0', '0', '0', '0', '0', '1', '86643', '2020-05-20 17:10:26', '2020-06-15 21:23:27'), ('74', '1', 'TEXT', '<text data-type=\'TOPIC\' data-id=\'\' class=\'moment-text-content-blue-highlight\'>#测试话题#</text>', '147', '1', '0', '0', '0', '0', '0', '1', '86643', '2020-05-20 17:13:34', '2020-06-15 21:23:27'), ('75', '1', 'TEXT', '<text data-type=\'TOPIC\' data-id=\'\' class=\'moment-text-content-blue-highlight\'>#话题#</text>', '147', '0', '0', '0', '0', '0', '0', '1', '86643', '2020-05-20 17:14:35', '2020-06-15 21:23:27'), ('76', '1', 'TEXT', '<text data-type=\'TOPIC\' data-id=\'\' class=\'moment-text-content-blue-highlight\'>#话题#</text>', '147', '0', '0', '0', '0', '0', '0', '1', '86643', '2020-05-20 17:21:05', '2020-06-15 21:23:27'), ('77', '1', 'TEXT', '<text data-type=\'USER\' data-id=\'\' class=\'moment-text-content-blue-highlight\'>@名字</text>，<text data-type=\'TOPIC\' data-id=\'\' class=\'moment-text-content-blue-highlight\'>#话题#</text>', '147', '0', '0', '0', '0', '0', '0', '1', '86643', '2020-05-20 17:27:25', '2020-06-15 21:23:27'), ('78', '1', 'IMAGE', '我是啊，<text data-type=\'USER\' data-id=\'\' class=\'moment-text-content-blue-highlight\'>@好好</text>，你呢发生多了几分拉阿萨德发安抚\n<text data-type=\'TOPIC\' data-id=\'\' class=\'moment-text-content-blue-highlight\'>#这个话题没有人吗#</text>', '147', '0', '2', '0', '0', '0', '0', '1', '86643', '2020-05-20 17:41:04', '2020-06-15 21:23:27'), ('79', '1', 'TEXT', 'start<text data-type=\'USER\' data-id=\'\' class=\'moment-text-content-blue-highlight\'>@名字</text>，middle<text data-type=\'TOPIC\' data-id=\'\' class=\'moment-text-content-blue-highlight\'>#话题#</text>end', '147', '0', '4', '0', '0', '0', '0', '1', '86643', '2020-05-26 19:03:41', '2020-06-15 21:23:27'), ('80', '1', 'IMAGE', '哈哈', '147', '0', '0', '0', '0', '0', '0', '1', '86643', '2020-05-26 23:09:49', '2020-06-15 21:23:27'), ('81', '1', 'IMAGE', '发数据了是', '147', '1', '47', '0', '0', '0', '80', '1', '86643', '2020-06-01 21:50:33', '2020-06-15 21:23:27'), ('82', '1', 'IMAGE', 'jkjkkk', '147', '0', '1', '0', '0', '0', '0', '1', '86643', '2020-06-05 09:46:23', '2020-06-15 21:23:27'), ('83', '1', 'IMAGE', '【福利】<text data-type=\'TOPIC\' data-id=\'\' class=\'moment-text-content-blue-highlight\'>#音乐青年#</text>网易云音乐2020年音乐青年服饰百货周边重磅发售：钢琴短袖、吉他T恤、钢琴胶囊伞、钢琴玻璃杯等众多好物闪亮登场，首发期间购买即送云音乐爆款帆布袋，数量有限先到先得！6月10日前购买更有低至5折优惠！\n截至6月9日17:00，转发+评论（缺一不可）本条动态，5名', '147', '0', '10', '0', '0', '2', '0', '1', '86643', '2020-06-05 09:47:47', '2020-06-16 20:50:14'), ('84', '1', 'IMAGE', '班', '147', '0', '0', '0', '0', '0', '0', '1', '86643', '2020-06-06 19:53:31', '2020-06-15 21:23:27'), ('85', '1', 'TEXT', '不', '147', '1', '0', '0', '0', '0', '0', '1', '86643', '2020-06-06 19:56:42', '2020-06-15 21:23:27'), ('86', '1', 'IMAGE', '好', '147', '0', '0', '0', '0', '0', '0', '1', '86643', '2020-06-06 21:53:12', '2020-06-15 21:23:27'), ('87', '1', 'VIDEO', '莱奥时代峻峰', '147', '2', '4', '3', '1', '97', '0', '1', '86643', '2020-06-07 10:59:27', '2020-10-13 23:41:53'), ('88', '1', 'VIDEO', '测试桩', '147', '0', '0', '0', '0', '0', '87', '1', '86643', '2020-06-07 17:18:55', '2020-06-15 21:23:27'), ('89', '1', 'VIDEO', '第二次转发', '147', '0', '0', '0', '0', '0', '87', '1', '86643', '2020-06-07 17:31:22', '2020-06-15 21:23:27'), ('90', '1', 'VIDEO', '第三次', '147', '0', '4', '0', '0', '1', '87', '1', '86643', '2020-06-07 17:31:38', '2020-06-15 21:23:27'), ('91', '1', 'IMAGE', '哈哈哈', '147', '0', '1', '0', '0', '37', '0', '1', '86643', '2020-06-11 23:52:40', '2020-06-16 12:26:35'), ('92', '1', 'IMAGE', '3', '147', '0', '0', '0', '0', '2', '0', '1', '86643', '2020-06-14 11:47:35', '2020-06-16 20:50:09'), ('93', '1', 'IMAGE', '', '0', '1', '1', '0', '0', '9', '0', '1', '86643', '2020-06-16 11:51:02', '2020-06-18 14:01:53'), ('94', '1', 'TEXT', '测试', '0', '0', '1', '0', '0', '15', '0', '1', '86643', '2020-06-16 11:51:35', '2020-07-05 19:03:41'), ('95', '1', 'IMAGE', 'Lmj sb', '0', '1', '0', '0', '0', '2', '0', '1', '86643', '2020-06-17 16:00:36', '2020-06-18 14:03:25'), ('96', '1', 'IMAGE', '', '0', '0', '3', '0', '0', '8', '0', '1', '86643', '2020-06-20 09:32:08', '2020-07-05 10:39:39'), ('97', '1', 'TEXT', '<text data-type=\'TOPIC\' data-id=\'\' class=\'moment-text-content-blue-highlight\'>#test话题#</text>123', '0', '0', '0', '0', '0', '0', '0', '1', '86643', '2020-06-22 21:43:35', '2020-06-22 21:43:35'), ('98', '1', 'TEXT', '<text data-type=\'TOPIC\' data-id=\'\' class=\'moment-text-content-blue-highlight\'>#ttt#</text>13232', '0', '0', '0', '0', '0', '0', '0', '1', '86643', '2020-06-22 22:56:34', '2020-06-22 22:56:34'), ('99', '1', 'TEXT', '<text data-type=\'TOPIC\' class=\'moment-text-content-blue-highlight\'>#测试话题#</text>1231312', '0', '0', '0', '0', '0', '1', '0', '1', '86643', '2020-06-25 11:05:05', '2020-06-25 15:51:22'), ('100', '1', 'TEXT', '#话题阿萨德家乐福水电费阿萨德 收到辅导费#', '0', '0', '0', '0', '0', '0', '0', '1', '86643', '2020-06-25 11:05:22', '2020-06-25 11:05:22'), ('101', '1', 'TEXT', '<text data-type=\'TOPIC\' class=\'moment-text-content-blue-highlight\'>#发送到房加上了大姐夫萨拉丁见缝拉萨大是大非#</text>', '0', '0', '0', '0', '0', '11', '0', '1', '86643', '2020-06-25 11:05:47', '2020-06-27 21:15:43'), ('102', '13', 'IMAGE', '其实', '0', '0', '1', '0', '1', '45', '0', '1', '86643', '2020-06-26 00:09:01', '2020-07-05 19:03:35'), ('103', '12', 'IMAGE', '1', '0', '0', '0', '0', '0', '4', '0', '1', '86643', '2020-07-02 12:46:16', '2020-07-02 15:54:07'), ('104', '12', 'TEXT', '', '0', '0', '0', '0', '0', '0', '0', '1', '86643', '2020-07-02 12:49:38', '2020-07-02 12:49:38'), ('105', '12', 'IMAGE', '1', '0', '0', '0', '0', '0', '1', '0', '1', '86643', '2020-07-02 15:58:52', '2020-07-02 17:07:52'), ('106', '12', 'TEXT', '<text data-type=\'USER\' style=\'color: #577C9F\' class=\'moment-text-content-blue-highlight\'>@地方</text>', '0', '0', '0', '0', '0', '4', '0', '1', '86643', '2020-07-03 18:25:30', '2020-07-05 13:17:30'), ('107', '12', 'TEXT', '<text data-type=\'TOPIC\' style=\'color: #577C9F\' class=\'moment-text-content-blue-highlight\'>#话题终结者#</text>', '0', '1', '2', '1', '1', '10', '0', '1', '86643', '2020-07-03 18:53:16', '2020-07-14 15:12:49'), ('108', '14', 'IMAGE', '#煞笔范超', '0', '0', '1', '0', '0', '6', '0', '1', '86643', '2020-07-04 01:15:11', '2020-07-05 13:17:59'), ('109', '13', 'TEXT', '测试转发', '0', '0', '0', '0', '0', '0', '107', '1', '86643', '2020-07-05 10:07:47', '2020-07-05 10:07:47'), ('110', '13', 'TEXT', '发动带<text data-type=\'USER\' style=\'color: #577C9F\'>@fanchao</text>', '0', '0', '3', '0', '0', '6', '0', '1', '86643', '2020-07-05 10:28:12', '2020-07-05 13:47:15'), ('111', '13', 'TEXT', '发动态<text data-type=\'USER\' style=\'color: #577C9F\'>@范超</text>', '0', '0', '0', '0', '0', '1', '0', '1', '86643', '2020-07-05 10:29:21', '2020-07-05 10:37:56'), ('112', '13', 'IMAGE', '他', '0', '0', '6', '0', '0', '5', '0', '1', '86643', '2020-07-05 17:08:30', '2020-07-10 16:22:44'), ('115', '12', 'VIDEO', '', '0', '2', '1', '0', '1', '17', '0', '1', '86643', '2020-07-05 17:24:54', '2020-07-30 23:22:18'), ('116', '14', 'IMAGE', '几把不更新啦！！', '0', '0', '0', '0', '0', '0', '0', '1', '86643', '2020-07-11 14:47:18', '2020-07-11 14:47:18');
COMMIT;

-- ----------------------------
--  Table structure for `moment_image`
-- ----------------------------
DROP TABLE IF EXISTS `moment_image`;
CREATE TABLE `moment_image` (
  `id` bigint(20) NOT NULL AUTO_INCREMENT COMMENT '主键',
  `moment_id` bigint(20) NOT NULL COMMENT '动态id',
  `url` varchar(255) NOT NULL COMMENT '图片地址',
  `width` int(11) NOT NULL DEFAULT '0' COMMENT '宽',
  `height` int(11) NOT NULL DEFAULT '0' COMMENT '高',
  `artist_id` bigint(20) NOT NULL COMMENT '演出者id',
  `create_time` datetime NOT NULL DEFAULT CURRENT_TIMESTAMP COMMENT '创建时间',
  `update_time` datetime NOT NULL DEFAULT CURRENT_TIMESTAMP ON UPDATE CURRENT_TIMESTAMP COMMENT '更新时间',
  PRIMARY KEY (`id`)
) ENGINE=InnoDB AUTO_INCREMENT=104 DEFAULT CHARSET=utf8mb4 ROW_FORMAT=DYNAMIC COMMENT='动态-图片表';

-- ----------------------------
--  Records of `moment_image`
-- ----------------------------
BEGIN;
INSERT INTO `moment_image` VALUES ('1', '9', 'https://fanchaoo-live.oss-cn-beijing.aliyuncs.com/fddm/image/158859845363107715d1f8a5b4b8090844a59f2933503.png', '0', '0', '86643', '2020-05-04 21:21:10', '2020-05-04 21:21:10'), ('2', '12', 'https://fanchaoo-live.oss-cn-beijing.aliyuncs.com/fddm/image/158860137388175573e47d5324200a55c5660be2a9023.png', '0', '0', '86643', '2020-05-04 22:09:34', '2020-05-04 22:09:34'), ('3', '13', 'https://fanchaoo-live.oss-cn-beijing.aliyuncs.com/fddm/image/158860158745426c257233c7c4ec0bfc1bf7f25ad9366.png', '128', '128', '86643', '2020-05-04 22:13:08', '2020-05-04 22:13:08'), ('4', '14', 'https://fanchaoo-live.oss-cn-beijing.aliyuncs.com/fddm/image/1588601669338fe7e02cc130f4391b94e1c3f976712dd.png', '128', '128', '86643', '2020-05-04 22:14:29', '2020-05-04 22:14:29'), ('5', '15', 'https://fanchaoo-live.oss-cn-beijing.aliyuncs.com/fddm/image/15886019671744e8e54e5e5bd402787056bdeed6130f3.png', '128', '128', '86643', '2020-05-04 22:19:36', '2020-05-04 22:19:36'), ('6', '16', 'https://fanchaoo-live.oss-cn-beijing.aliyuncs.com/fddm/image/15886020003659a2314f3f4cd40f194b4f2ffcd49a614.png', '128', '128', '86643', '2020-05-04 22:20:42', '2020-05-04 22:20:42'), ('7', '17', 'https://fanchaoo-live.oss-cn-beijing.aliyuncs.com/fddm/image/15886023722377593ab64e59f4651b511ed3ef021a639.png', '128', '128', '86643', '2020-05-04 22:26:12', '2020-05-04 22:26:12'), ('8', '18', 'https://fanchaoo-live.oss-cn-beijing.aliyuncs.com/fddm/image/15886023722377593ab64e59f4651b511ed3ef021a639.png', '128', '128', '86643', '2020-05-04 22:26:21', '2020-05-04 22:26:21'), ('9', '18', 'https://fanchaoo-live.oss-cn-beijing.aliyuncs.com/fddm/image/15886023816335f3d45801fe443518390164b5c555c2e.png', '128', '128', '86643', '2020-05-04 22:26:21', '2020-05-04 22:26:21'), ('10', '19', 'https://fanchaoo-live.oss-cn-beijing.aliyuncs.com/fddm/image/1588602422216006eb783805741bfa739ede907aca59f.png', '128', '128', '86643', '2020-05-04 22:27:02', '2020-05-04 22:27:02'), ('11', '20', 'https://fanchaoo-live.oss-cn-beijing.aliyuncs.com/fddm/image/1588602619330130e88828e864164bab4a82634f5b3c3.jpg', '600', '1095', '86643', '2020-05-04 22:30:21', '2020-05-04 22:30:21'), ('12', '22', 'https://fanchaoo-live.oss-cn-beijing.aliyuncs.com/fddm/image/158860323578171f1f5ce863e4df9bbfef5ed230f8dd9.jpg', '2340', '1080', '86643', '2020-05-04 22:40:49', '2020-05-04 22:40:49'), ('13', '23', 'https://fanchaoo-live.oss-cn-beijing.aliyuncs.com/fddm/image/15888434203509fbf256377774fb5b8af104a4eddcfd1.png', '1542', '1410', '86643', '2020-05-07 17:24:10', '2020-05-07 17:24:10'), ('14', '23', 'https://fanchaoo-live.oss-cn-beijing.aliyuncs.com/fddm/image/1588843439795aeade97d46ed4ceda9489221417ed2a6.png', '1542', '1410', '86643', '2020-05-07 17:24:10', '2020-05-07 17:24:10'), ('15', '24', 'https://fanchaoo-live.oss-cn-beijing.aliyuncs.com/fddm/image/1588844045634762e72f0e8a8401eb877a9f1b2bcef87.png', '1480', '1120', '86643', '2020-05-07 17:34:07', '2020-05-07 17:34:07'), ('16', '24', 'https://fanchaoo-live.oss-cn-beijing.aliyuncs.com/fddm/image/1588844047057d7fa6b84584348349345b8e946426653.jpg', '120', '90', '86643', '2020-05-07 17:34:07', '2020-05-07 17:34:07'), ('17', '24', 'https://fanchaoo-live.oss-cn-beijing.aliyuncs.com/fddm/image/15888440471001afad71a107841b883f62817b22e0be9.jpg', '240', '144', '86643', '2020-05-07 17:34:07', '2020-05-07 17:34:07'), ('18', '25', 'https://fanchaoo-live.oss-cn-beijing.aliyuncs.com/fddm/image/1588844109128d89fec326a2b4549ab0e710d18b40c9b.jpg', '240', '144', '86643', '2020-05-07 17:35:09', '2020-05-07 17:35:09'), ('19', '25', 'https://fanchaoo-live.oss-cn-beijing.aliyuncs.com/fddm/image/15888441092616131a02d2e284668b44e097ded2a3925.jpg', '120', '90', '86643', '2020-05-07 17:35:09', '2020-05-07 17:35:09'), ('20', '26', 'https://fanchaoo-live.oss-cn-beijing.aliyuncs.com/fddm/image/15888441770420e4af0685b1842498d1e011a7dd1dd7b.jpg', '120', '90', '86643', '2020-05-07 17:36:22', '2020-05-07 17:36:22'), ('21', '26', 'https://fanchaoo-live.oss-cn-beijing.aliyuncs.com/fddm/image/158884417744689cc188d616246e1b168719c4b1bc5ec.jpg', '240', '144', '86643', '2020-05-07 17:36:22', '2020-05-07 17:36:22'), ('22', '26', 'https://fanchaoo-live.oss-cn-beijing.aliyuncs.com/fddm/image/15888441781362cd99907fd71489782b054c91a0c038c.png', '1480', '1120', '86643', '2020-05-07 17:36:22', '2020-05-07 17:36:22'), ('23', '26', 'https://fanchaoo-live.oss-cn-beijing.aliyuncs.com/fddm/image/1588844182397cc891a0063504cdab615240736ade4ab.jpeg', '665', '665', '86643', '2020-05-07 17:36:22', '2020-05-07 17:36:22'), ('24', '27', 'https://fanchaoo-live.oss-cn-beijing.aliyuncs.com/fddm/image/1588844311839b0b2d44b87f04459ae0ee39b5745c9ae.jpg', '546', '546', '86643', '2020-05-07 17:38:34', '2020-05-07 17:38:34'), ('25', '27', 'https://fanchaoo-live.oss-cn-beijing.aliyuncs.com/fddm/image/15888443122060a84f705518343319fab0c5c2e24e9b1.jpeg', '665', '665', '86643', '2020-05-07 17:38:34', '2020-05-07 17:38:34'), ('26', '27', 'https://fanchaoo-live.oss-cn-beijing.aliyuncs.com/fddm/image/1588844312386c7c6491c2047410ca3cbd3bb14948914.png', '1480', '1120', '86643', '2020-05-07 17:38:34', '2020-05-07 17:38:34'), ('27', '27', 'https://fanchaoo-live.oss-cn-beijing.aliyuncs.com/fddm/image/1588844313781c8db3cd00c2e48b1bb6be17557462f73.jpg', '1360', '1020', '86643', '2020-05-07 17:38:34', '2020-05-07 17:38:34'), ('28', '27', 'https://fanchaoo-live.oss-cn-beijing.aliyuncs.com/fddm/image/15888443141580dd44975e458433397730d7725fc0580.jpg', '640', '452', '86643', '2020-05-07 17:38:34', '2020-05-07 17:38:34'), ('29', '28', 'https://fanchaoo-live.oss-cn-beijing.aliyuncs.com/fddm/image/15888448101076d7be352fa944e78af98903e1adf1061.png', '1480', '1120', '86643', '2020-05-07 17:46:59', '2020-05-07 17:46:59'), ('30', '28', 'https://fanchaoo-live.oss-cn-beijing.aliyuncs.com/fddm/image/1588844814958f990d5a3e14e4805a03a5870036e36c4.jpg', '640', '452', '86643', '2020-05-07 17:46:59', '2020-05-07 17:46:59'), ('31', '28', 'https://fanchaoo-live.oss-cn-beijing.aliyuncs.com/fddm/image/1588844815542062732e394494aaa96f0275c5aa02f51.jpg', '1360', '1020', '86643', '2020-05-07 17:46:59', '2020-05-07 17:46:59'), ('32', '28', 'https://fanchaoo-live.oss-cn-beijing.aliyuncs.com/fddm/image/15888448172210fef7b608c054702ae7e19def27e7828.jpg', '640', '452', '86643', '2020-05-07 17:46:59', '2020-05-07 17:46:59'), ('33', '28', 'https://fanchaoo-live.oss-cn-beijing.aliyuncs.com/fddm/image/1588844817622f035cfaea6694932850c41c9234437cd.jpg', '546', '546', '86643', '2020-05-07 17:46:59', '2020-05-07 17:46:59'), ('34', '28', 'https://fanchaoo-live.oss-cn-beijing.aliyuncs.com/fddm/image/158884481826187ce76dc9c414957ae7a6002b80ece1d.jpg', '1360', '1020', '86643', '2020-05-07 17:46:59', '2020-05-07 17:46:59'), ('35', '29', 'https://fanchaoo-live.oss-cn-beijing.aliyuncs.com/fddm/image/1588844857947bca7a24b8b9a4559a17380e7754ca8c6.jpg', '640', '452', '86643', '2020-05-07 17:47:44', '2020-05-07 17:47:44'), ('36', '29', 'https://fanchaoo-live.oss-cn-beijing.aliyuncs.com/fddm/image/15888448590253d8ba609257b4da7bc4a8bcbdf474d41.jpg', '1360', '1020', '86643', '2020-05-07 17:47:44', '2020-05-07 17:47:44'), ('37', '29', 'https://fanchaoo-live.oss-cn-beijing.aliyuncs.com/fddm/image/1588844860088a0c27169c8044506a9504ab838707c93.jpg', '640', '452', '86643', '2020-05-07 17:47:44', '2020-05-07 17:47:44'), ('38', '29', 'https://fanchaoo-live.oss-cn-beijing.aliyuncs.com/fddm/image/1588844860470412f088b691a49dfb3e9d1341f0414b5.jpg', '640', '452', '86643', '2020-05-07 17:47:44', '2020-05-07 17:47:44'), ('39', '29', 'https://fanchaoo-live.oss-cn-beijing.aliyuncs.com/fddm/image/1588844860759de6691c254f14af1b5f79cbc003cb695.jpg', '640', '452', '86643', '2020-05-07 17:47:44', '2020-05-07 17:47:44'), ('40', '29', 'https://fanchaoo-live.oss-cn-beijing.aliyuncs.com/fddm/image/15888448613013a3e2cb298524c379baf7af8cd413d67.png', '1480', '1120', '86643', '2020-05-07 17:47:44', '2020-05-07 17:47:44'), ('41', '29', 'https://fanchaoo-live.oss-cn-beijing.aliyuncs.com/fddm/image/15888448641722c5e872b2aa047abb769f031e2f0ff01.jpg', '640', '452', '86643', '2020-05-07 17:47:44', '2020-05-07 17:47:44'), ('42', '30', 'https://fanchaoo-live.oss-cn-beijing.aliyuncs.com/fddm/image/1588844970690b990a84745624379b7056fcd095ce73b.jpg', '640', '452', '86643', '2020-05-07 17:49:41', '2020-05-07 17:49:41'), ('43', '30', 'https://fanchaoo-live.oss-cn-beijing.aliyuncs.com/fddm/image/1588844971546706f3f02bacb40f99cc36cfe59f36ca7.jpg', '1360', '1020', '86643', '2020-05-07 17:49:41', '2020-05-07 17:49:41'), ('44', '30', 'https://fanchaoo-live.oss-cn-beijing.aliyuncs.com/fddm/image/158884497252294588aea99f346148ece8d5605b4faef.png', '1480', '1120', '86643', '2020-05-07 17:49:41', '2020-05-07 17:49:41'), ('45', '30', 'https://fanchaoo-live.oss-cn-beijing.aliyuncs.com/fddm/image/1588844976155bac06773d33d4b95a6b95909d39a7b7e.png', '1480', '1120', '86643', '2020-05-07 17:49:41', '2020-05-07 17:49:41'), ('46', '30', 'https://fanchaoo-live.oss-cn-beijing.aliyuncs.com/fddm/image/1588844978593abee64fba0544bfea9fadfce1e85ec46.jpg', '640', '452', '86643', '2020-05-07 17:49:41', '2020-05-07 17:49:41'), ('47', '30', 'https://fanchaoo-live.oss-cn-beijing.aliyuncs.com/fddm/image/158884497922819c6288b25204479ae2e7b6786f7223d.jpg', '640', '452', '86643', '2020-05-07 17:49:41', '2020-05-07 17:49:41'), ('48', '30', 'https://fanchaoo-live.oss-cn-beijing.aliyuncs.com/fddm/image/15888449801300e2c292bfcd74dc6974efce1676a6a5a.jpg', '1360', '1020', '86643', '2020-05-07 17:49:41', '2020-05-07 17:49:41'), ('49', '30', 'https://fanchaoo-live.oss-cn-beijing.aliyuncs.com/fddm/image/1588844980929d94a0a64e05942e7badf5d7c761d5f41.jpg', '640', '452', '86643', '2020-05-07 17:49:41', '2020-05-07 17:49:41'), ('50', '31', 'https://fanchaoo-live.oss-cn-beijing.aliyuncs.com/fddm/image/15888450308000e7d6407a6a84dafbff5b0eb727f13ae.jpg', '640', '452', '86643', '2020-05-07 17:50:43', '2020-05-07 17:50:43'), ('51', '31', 'https://fanchaoo-live.oss-cn-beijing.aliyuncs.com/fddm/image/1588845031767aee97ecffd7640d48a5dc055a8ea07dc.jpg', '1360', '1020', '86643', '2020-05-07 17:50:43', '2020-05-07 17:50:43'), ('52', '31', 'https://fanchaoo-live.oss-cn-beijing.aliyuncs.com/fddm/image/15888450327373f69ec3ff2924743a37e566f8e567c9a.jpg', '640', '452', '86643', '2020-05-07 17:50:43', '2020-05-07 17:50:43'), ('53', '31', 'https://fanchaoo-live.oss-cn-beijing.aliyuncs.com/fddm/image/15888450330413f135fd678a64283b69b55b481066b5e.png', '1480', '1120', '86643', '2020-05-07 17:50:43', '2020-05-07 17:50:43'), ('54', '31', 'https://fanchaoo-live.oss-cn-beijing.aliyuncs.com/fddm/image/15888450355156f22fe9891ff4dbd9b6b7d4d284f4c85.jpg', '640', '452', '86643', '2020-05-07 17:50:43', '2020-05-07 17:50:43'), ('55', '31', 'https://fanchaoo-live.oss-cn-beijing.aliyuncs.com/fddm/image/1588845035692795701bcb952468192ac874566d2556b.jpg', '1360', '1020', '86643', '2020-05-07 17:50:43', '2020-05-07 17:50:43'), ('56', '31', 'https://fanchaoo-live.oss-cn-beijing.aliyuncs.com/fddm/image/1588845037330542bf065517040958cfb3c324deaab67.jpg', '640', '452', '86643', '2020-05-07 17:50:43', '2020-05-07 17:50:43'), ('57', '31', 'https://fanchaoo-live.oss-cn-beijing.aliyuncs.com/fddm/image/158884503907745d0d6d318314d1989f239f006e266a6.png', '1480', '1120', '86643', '2020-05-07 17:50:43', '2020-05-07 17:50:43'), ('58', '31', 'https://fanchaoo-live.oss-cn-beijing.aliyuncs.com/fddm/image/15888450429591785fca3654046d2af45a6d135a9eaab.jpg', '546', '546', '86643', '2020-05-07 17:50:43', '2020-05-07 17:50:43'), ('59', '32', 'https://fanchaoo-live.oss-cn-beijing.aliyuncs.com/fddm/image/15891221826361ced59c0d9be406a88da4424500aae8c.png', '128', '128', '86643', '2020-05-10 22:49:44', '2020-05-10 22:49:44'), ('60', '33', 'https://fanchaoo-live.oss-cn-beijing.aliyuncs.com/fddm/image/15892035160150fc7b675d6e54e2ab8aaf716ce0bd5bb.jpg', '1360', '1020', '86643', '2020-05-11 21:25:16', '2020-05-11 21:25:16'), ('61', '45', 'https://fanchaoo-live.oss-cn-beijing.aliyuncs.com/fddm/image/158971199958777aaf02426ca4db18240cccb23343ad7.jpg', '640', '452', '86643', '2020-05-17 18:40:00', '2020-05-17 18:40:00'), ('62', '52', 'https://fanchaoo-live.oss-cn-beijing.aliyuncs.com/fddm/image/158973085415240bfd9d1822a4daca71d745bf731cc4a.jpg', '1080', '2211', '86643', '2020-05-17 23:54:15', '2020-05-17 23:54:15'), ('63', '53', 'https://fanchaoo-live.oss-cn-beijing.aliyuncs.com/fddm/image/1589809745270b166f59ac7604f26b01c68e1aff50448.jpg', '1360', '1020', '86643', '2020-05-18 21:49:06', '2020-05-18 21:49:06'), ('64', '53', 'https://fanchaoo-live.oss-cn-beijing.aliyuncs.com/fddm/image/15898097458306586611ee6da46d9be08a4b3b15c4848.jpg', '640', '452', '86643', '2020-05-18 21:49:06', '2020-05-18 21:49:06'), ('65', '54', 'https://fanchaoo-live.oss-cn-beijing.aliyuncs.com/fddm/image/1589811509663ad2fcb38d8c24951b67154e65007c004.jpg', '640', '452', '86643', '2020-05-18 22:18:30', '2020-05-18 22:18:30'), ('66', '54', 'https://fanchaoo-live.oss-cn-beijing.aliyuncs.com/fddm/image/158981150989174ac4ec632ca4fba806f16cab9a13f0c.jpg', '546', '546', '86643', '2020-05-18 22:18:30', '2020-05-18 22:18:30'), ('67', '54', 'https://fanchaoo-live.oss-cn-beijing.aliyuncs.com/fddm/image/1589811509969b2c2556ab0f947518a651b6066c4915a.png', '1480', '1120', '86643', '2020-05-18 22:18:30', '2020-05-18 22:18:30'), ('68', '55', 'https://fanchaoo-live.oss-cn-beijing.aliyuncs.com/fddm/image/15898115816500af84194e24d46d9a87c4693993c8d3c.jpg', '640', '452', '86643', '2020-05-18 22:19:42', '2020-05-18 22:19:42'), ('69', '55', 'https://fanchaoo-live.oss-cn-beijing.aliyuncs.com/fddm/image/15898115818477e49ae72afc9456285044611a1a87b1a.png', '1480', '1120', '86643', '2020-05-18 22:19:42', '2020-05-18 22:19:42'), ('70', '55', 'https://fanchaoo-live.oss-cn-beijing.aliyuncs.com/fddm/image/1589811582049837eb03e2c9341c18e471045011a740c.jpg', '640', '452', '86643', '2020-05-18 22:19:42', '2020-05-18 22:19:42'), ('71', '55', 'https://fanchaoo-live.oss-cn-beijing.aliyuncs.com/fddm/image/1589811582127e314cbfb2af24772887cf42a00739e98.jpg', '1360', '1020', '86643', '2020-05-18 22:19:42', '2020-05-18 22:19:42'), ('72', '56', 'https://fanchaoo-live.oss-cn-beijing.aliyuncs.com/fddm/image/15898116878530c6f5a79e3054c3b8746a9c041524a29.jpg', '1360', '1020', '86643', '2020-05-18 22:21:28', '2020-05-18 22:21:28'), ('73', '56', 'https://fanchaoo-live.oss-cn-beijing.aliyuncs.com/fddm/image/1589811688116bdc2dee1d7144fab8a03adfbe4a0eb12.jpg', '1360', '1020', '86643', '2020-05-18 22:21:28', '2020-05-18 22:21:28'), ('74', '56', 'https://fanchaoo-live.oss-cn-beijing.aliyuncs.com/fddm/image/1589811688223a1f13e10755e4f6b981547ed87d349d8.jpg', '640', '452', '86643', '2020-05-18 22:21:28', '2020-05-18 22:21:28'), ('75', '56', 'https://fanchaoo-live.oss-cn-beijing.aliyuncs.com/fddm/image/15898116883026fbea189aac1448395997fe511d228ea.jpg', '640', '452', '86643', '2020-05-18 22:21:28', '2020-05-18 22:21:28'), ('76', '56', 'https://fanchaoo-live.oss-cn-beijing.aliyuncs.com/fddm/image/1589811688380df567f1ad44a46df836d6cede13cc755.jpg', '1360', '1020', '86643', '2020-05-18 22:21:28', '2020-05-18 22:21:28'), ('77', '56', 'https://fanchaoo-live.oss-cn-beijing.aliyuncs.com/fddm/image/1589811688483e7c3bf6dfaa34b35b8b56bfdaa0e5707.jpg', '640', '452', '86643', '2020-05-18 22:21:28', '2020-05-18 22:21:28'), ('78', '56', 'https://fanchaoo-live.oss-cn-beijing.aliyuncs.com/fddm/image/15898116885725fa08e9cff2e42e48c9af39e480f5bb9.png', '1480', '1120', '86643', '2020-05-18 22:21:28', '2020-05-18 22:21:28'), ('79', '56', 'https://fanchaoo-live.oss-cn-beijing.aliyuncs.com/fddm/image/15898116887613db847cab39644f096f20a6bd5d6582b.jpg', '546', '546', '86643', '2020-05-18 22:21:28', '2020-05-18 22:21:28'), ('80', '61', 'https://fanchaoo-live.oss-cn-beijing.aliyuncs.com/fddm/image/1589852446695c5fcadbcc6a24cb19a915b0ec4e314b6.jpg', '940', '960', '86643', '2020-05-19 09:40:47', '2020-05-19 09:40:47'), ('81', '62', 'https://fanchaoo-live.oss-cn-beijing.aliyuncs.com/fddm/image/15898524796606d77f77ab0fb4357a1683b94e0ed420d.jpg', '4344', '5792', '86643', '2020-05-19 09:41:27', '2020-05-19 09:41:27'), ('82', '63', 'https://fanchaoo-live.oss-cn-beijing.aliyuncs.com/fddm/image/1589875634683738bc2a90fa347a2ba3b6e7f5d3a6af5.jpg', '1080', '2340', '86643', '2020-05-19 16:07:19', '2020-05-19 16:07:19'), ('83', '69', 'https://fanchaoo-live.oss-cn-beijing.aliyuncs.com/fddm/image/15899014825417dc74ec9dec3460e92355c6194259d7e.jpg', '5792', '4344', '86643', '2020-05-19 23:18:50', '2020-05-19 23:18:50'), ('84', '71', 'https://fanchaoo-live.oss-cn-beijing.aliyuncs.com/fddm/image/1589939138928f98df49c3165412fac5138f4c4c90733.png', '1480', '1120', '86643', '2020-05-20 09:45:50', '2020-05-20 09:45:50'), ('85', '78', 'https://fanchaoo-live.oss-cn-beijing.aliyuncs.com/fddm/image/1589967662485f45c2830c75e496296544c2c6cc08abe.png', '1480', '1120', '86643', '2020-05-20 17:41:04', '2020-05-20 17:41:04'), ('86', '80', 'https://fanchaoo-live.oss-cn-beijing.aliyuncs.com/fddm/image/1590505787593e905a983263f4c638ce78338f5cead49.gif', '240', '240', '86643', '2020-05-26 23:09:49', '2020-05-26 23:09:49'), ('87', '82', 'https://fanchaoo-live.oss-cn-beijing.aliyuncs.com/fddm/image/1591321571353e7d0815e2ace4a6e8fad16deb2889869.png', '1480', '1120', '86643', '2020-06-05 09:46:24', '2020-06-05 09:46:24'), ('88', '83', 'https://fanchaoo-live.oss-cn-beijing.aliyuncs.com/fddm/image/1591321664948dffca008d85d46e7a6abf592cec140f5.jpg', '640', '452', '86643', '2020-06-05 09:47:47', '2020-06-05 09:47:47'), ('89', '84', 'https://fanchaoo-live.oss-cn-beijing.aliyuncs.com/fddm/image/159144441088379837e321b8f410eb3d5f0655fb92b84.jpg', '550', '273', '86643', '2020-06-06 19:53:31', '2020-06-06 19:53:31'), ('90', '86', 'https://fanchaoo-live.oss-cn-beijing.aliyuncs.com/fddm/image/1591451592485ec10aea1a3c042aca80b813824f8c600.jpeg', '550', '273', '86643', '2020-06-06 21:53:12', '2020-06-06 21:53:12'), ('91', '91', 'https://fanchaoo-live.oss-cn-beijing.aliyuncs.com/fddm/image/1591890727479ae7926a0cf484377beb541085678b081.jpg', '2340', '1080', '86643', '2020-06-11 23:52:40', '2020-06-11 23:52:40'), ('92', '92', 'https://fanchaoo-live.oss-cn-beijing.aliyuncs.com/fddm/image/15921064547975b4a3a8455c0459997e1ca2741f175a0.png', '1480', '1120', '86643', '2020-06-14 11:47:35', '2020-06-14 11:47:35'), ('93', '92', 'https://fanchaoo-live.oss-cn-beijing.aliyuncs.com/fddm/image/15921064553848e4aba0127964935be9cfdb647670667.jpeg', '665', '665', '86643', '2020-06-14 11:47:35', '2020-06-14 11:47:35'), ('94', '92', 'https://fanchaoo-live.oss-cn-beijing.aliyuncs.com/fddm/image/1592106455441123f7d759dd14bca908e67a570bc3935.jpg', '1360', '1020', '86643', '2020-06-14 11:47:35', '2020-06-14 11:47:35'), ('95', '93', 'https://fanchaoo-live.oss-cn-beijing.aliyuncs.com/fddm/image/15921064553848e4aba0127964935be9cfdb647670667.jpeg', '828', '820', '86643', '2020-06-16 11:51:02', '2020-06-16 22:42:11'), ('96', '95', 'https://fanchaoo-live.oss-cn-beijing.aliyuncs.com/fddm/image/15923808240746b748e2d44d3423f86eebcf7d51c534f.gif', '310', '226', '86643', '2020-06-17 16:00:36', '2020-06-17 16:00:36'), ('97', '96', 'https://fanchaoo-live.oss-cn-beijing.aliyuncs.com/fddm/image/159261671604259dfa88b24204318931e0b44a38479e4.png', '1480', '1120', '86643', '2020-06-20 09:32:08', '2020-06-20 09:32:08'), ('98', '102', 'https://fanchaoo-live.oss-cn-beijing.aliyuncs.com/fddm/image/15931013093923b29396994cf473988b7c625271aae85.gif', '640', '480', '86643', '2020-06-26 00:09:01', '2020-06-26 00:09:01'), ('99', '103', 'https://fanchaoo-live.oss-cn-beijing.aliyuncs.com/fddm/image/15936651739339dec95f73dbf42eeb4ee626dd5eef297.jpg', '4344', '5792', '86643', '2020-07-02 12:46:16', '2020-07-02 12:46:16'), ('100', '105', 'https://fanchaoo-live.oss-cn-beijing.aliyuncs.com/fddm/image/159367671647830d7c583930f406693992c08a3f82c43.jpg', '5792', '4344', '86643', '2020-07-02 15:58:52', '2020-07-02 15:58:52'), ('101', '108', 'https://fanchaoo-live.oss-cn-beijing.aliyuncs.com/fddm/image/15937965109716894de4510ce43f88bd4e4741b44a034.jpg', '190', '190', '86643', '2020-07-04 01:15:11', '2020-07-04 01:15:11'), ('102', '112', 'https://fanchaoo-live.oss-cn-beijing.aliyuncs.com/fddm/image/1593940109106e205597a5076406bb98888968cc92ac7.jpg', '640', '763', '86643', '2020-07-05 17:08:30', '2020-07-05 17:08:30'), ('103', '116', 'https://fanchaoo-live.oss-cn-beijing.aliyuncs.com/fddm/image/15944500343088d7a5904e48c4d2c8a21d0c8092962e2.png', '1079', '721', '86643', '2020-07-11 14:47:18', '2020-07-11 14:47:18');
COMMIT;

-- ----------------------------
--  Table structure for `moment_video`
-- ----------------------------
DROP TABLE IF EXISTS `moment_video`;
CREATE TABLE `moment_video` (
  `id` bigint(20) NOT NULL AUTO_INCREMENT COMMENT '主键',
  `moment_id` bigint(20) NOT NULL COMMENT '动态id',
  `title` varchar(255) NOT NULL DEFAULT '' COMMENT '视频标题',
  `url` varchar(255) NOT NULL COMMENT '图片地址',
  `width` int(11) NOT NULL DEFAULT '0' COMMENT '视频宽',
  `height` int(11) NOT NULL DEFAULT '0' COMMENT '视频高',
  `size` int(11) NOT NULL DEFAULT '0' COMMENT '视频大小',
  `cover_url` varchar(255) NOT NULL DEFAULT '' COMMENT '封面url',
  `cover_width` int(11) NOT NULL DEFAULT '0' COMMENT '封面宽',
  `cover_height` int(11) NOT NULL DEFAULT '0' COMMENT '封面高',
  `collect_count` int(11) NOT NULL DEFAULT '0' COMMENT '收藏数量',
  `source_channel` varchar(30) NOT NULL DEFAULT '' COMMENT '来源渠道',
  `source_url` varchar(1000) NOT NULL DEFAULT '' COMMENT '来源url',
  `source_id` varchar(100) NOT NULL DEFAULT '' COMMENT '来源id',
  `sequence` bigint(20) NOT NULL DEFAULT '0' COMMENT '排序字段',
  `artist_id` bigint(20) NOT NULL COMMENT '演出者id',
  `create_time` datetime NOT NULL DEFAULT CURRENT_TIMESTAMP COMMENT '创建时间',
  `update_time` datetime NOT NULL DEFAULT CURRENT_TIMESTAMP ON UPDATE CURRENT_TIMESTAMP COMMENT '更新时间',
  PRIMARY KEY (`id`),
  UNIQUE KEY `idx_moment_id` (`moment_id`)
) ENGINE=InnoDB AUTO_INCREMENT=9 DEFAULT CHARSET=utf8mb4 ROW_FORMAT=DYNAMIC COMMENT='动态-视频表';

-- ----------------------------
--  Records of `moment_video`
-- ----------------------------
BEGIN;
INSERT INTO `moment_video` VALUES ('1', '42', 'n', 'https://fanchaoo-live.oss-cn-beijing.aliyuncs.com/fddm/video/1589683145887d64679e22c844cf2aa5e3c1b31698003.mp4', '640', '360', '0', 'https://fanchaoo-live.oss-cn-beijing.aliyuncs.com/fddm/image/15896831504777e45262b815b4e3fbfd12bc7b5ca02a4.png', '1480', '1120', '1', '', '', '', '0', '86643', '2020-05-17 10:47:15', '2020-06-16 23:46:17'), ('2', '43', '123213', 'https://fanchaoo-live.oss-cn-beijing.aliyuncs.com/fddm/video/15896853518516a3638f4d83546e1bea438f5f9ba364b.mp4', '640', '360', '0', 'https://fanchaoo-live.oss-cn-beijing.aliyuncs.com/fddm/image/1589685356809bd66636cb2f34969b743d9bcff2db6f6.png', '1480', '1120', '0', '', '', '', '0', '86643', '2020-05-17 11:16:01', '2020-05-17 11:16:01'), ('3', '44', '12', 'https://fanchaoo-live.oss-cn-beijing.aliyuncs.com/fddm/video/1589708260870c10c1d1fcc9841739fb859790c140529.mp4', '640', '360', '0', 'https://p1.music.126.net/lWdsaWpQF7jhfdAwARNKWg==/109951164982312646?imageView&thumbnail=183x103', '260', '146', '0', '', '', '', '0', '86643', '2020-05-17 17:38:26', '2020-06-19 23:18:05'), ('4', '48', '456', 'https://fanchaoo-live.oss-cn-beijing.aliyuncs.com/fddm/video/1589712146237a48abeb6aa414830869c5179c15ce184.mp4', '640', '360', '0', 'https://p1.music.126.net/lWdsaWpQF7jhfdAwARNKWg==/109951164982312646?imageView&thumbnail=183x103', '260', '146', '0', '', '', '', '0', '86643', '2020-05-17 18:42:33', '2020-05-17 18:42:33'), ('5', '49', '243', 'https://fanchaoo-live.oss-cn-beijing.aliyuncs.com/fddm/video/15897121711107bf08d10c3444d56910d97bb5f2935d1.mp4', '640', '360', '0', 'https://p1.music.126.net/lWdsaWpQF7jhfdAwARNKWg==/109951164982312646?imageView&thumbnail=183x103', '260', '146', '0', '', '', '', '0', '86643', '2020-05-17 18:42:56', '2020-05-17 18:42:56'), ('6', '66', '春风十里 Live版', 'https://fanchaoo-live.oss-cn-beijing.aliyuncs.com/fddm/video/1589885965613b10f381b25b043629c617a60e9b8dc84.mp4', '640', '360', '0', 'https://p1.music.126.net/lWdsaWpQF7jhfdAwARNKWg==/109951164982312646?imageView&thumbnail=183x103', '260', '146', '0', '', '', '', '0', '86643', '2020-05-19 18:59:47', '2020-06-05 21:54:37'), ('7', '87', '未命名', 'https://fanchaoo-live.oss-cn-beijing.aliyuncs.com/fddm/video/159149867956903d0090a10f64451bc011b4b867cae53.mp4', '640', '360', '0', 'https://fanchaoo-live.oss-cn-beijing.aliyuncs.com/fddm/image/15914987579091027670e8abd4b61afcc23199c9d6a82.jpeg', '665', '665', '0', '', '', '', '0', '86643', '2020-06-07 10:59:27', '2020-06-25 15:53:18'), ('8', '115', '走进新时代', 'http://fanchaoo-live.oss-cn-beijing.aliyuncs.com/fddm/video/%E6%9C%AA%E5%91%BD%E5%90%8D.mp4', '448', '336', '0', 'https://fanchaoo-live.oss-cn-beijing.aliyuncs.com/fddm/image/1593940866612050b76e003ed4ae4874f2a492ac05685.png', '1226', '754', '1', '', '', '', '0', '86643', '2020-07-05 17:24:54', '2020-07-05 17:27:54');
COMMIT;

-- ----------------------------
--  Table structure for `notification`
-- ----------------------------
DROP TABLE IF EXISTS `notification`;
CREATE TABLE `notification` (
  `id` bigint(20) NOT NULL AUTO_INCREMENT COMMENT '主键',
  `category` varchar(20) NOT NULL COMMENT '通知类型',
  `type` varchar(50) NOT NULL COMMENT '通知类型',
  `receive_user_id` bigint(20) NOT NULL COMMENT '接收通知的用户id',
  `send_user_id` bigint(20) NOT NULL COMMENT '发通知的用户id',
  `moment_id` bigint(20) NOT NULL DEFAULT '0' COMMENT '动态id',
  `parent_comment_id` bigint(20) NOT NULL DEFAULT '0' COMMENT '父评论id',
  `comment_id` bigint(20) NOT NULL DEFAULT '0' COMMENT '评论id',
  `artist_id` bigint(20) NOT NULL COMMENT '演出者id',
  `create_time` datetime NOT NULL DEFAULT CURRENT_TIMESTAMP COMMENT '创建时间',
  `update_time` datetime NOT NULL DEFAULT CURRENT_TIMESTAMP ON UPDATE CURRENT_TIMESTAMP COMMENT '更新时间',
  PRIMARY KEY (`id`)
) ENGINE=InnoDB AUTO_INCREMENT=32 DEFAULT CHARSET=utf8mb4 ROW_FORMAT=DYNAMIC COMMENT='通知表';

-- ----------------------------
--  Records of `notification`
-- ----------------------------
BEGIN;
INSERT INTO `notification` VALUES ('1', '', 'FOLLOW_USER', '12', '12', '0', '0', '0', '86643', '2020-07-02 23:11:42', '2020-07-02 23:11:42'), ('2', '', 'LIKE_VIDEO', '1', '12', '87', '0', '0', '86643', '2020-07-02 23:12:13', '2020-07-02 23:12:13'), ('3', '', 'FOLLOW_USER', '12', '14', '0', '0', '0', '86643', '2020-07-04 01:15:52', '2020-07-04 01:15:52'), ('4', '', 'FOLLOW_USER', '12', '14', '0', '0', '0', '86643', '2020-07-04 01:15:59', '2020-07-04 01:15:59'), ('5', 'COMMENT', 'COMMENT_TO_MOMENT', '14', '12', '108', '0', '102', '86643', '2020-07-04 22:52:06', '2020-07-04 22:52:06'), ('6', 'NOTIFICATION', 'LIKE_MOMENT', '12', '12', '107', '0', '0', '86643', '2020-07-04 23:01:24', '2020-07-04 23:01:24'), ('7', 'NOTIFICATION', 'SHARE_MOMENT', '12', '13', '107', '0', '0', '86643', '2020-07-05 10:07:39', '2020-07-05 10:07:39'), ('8', 'AT', 'REPOST', '12', '13', '109', '0', '0', '86643', '2020-07-05 10:07:47', '2020-07-05 10:07:47'), ('9', 'AT', 'AT_ON_MOMENT', '12', '13', '111', '0', '0', '86643', '2020-07-05 10:29:21', '2020-07-05 10:29:21'), ('10', 'AT', 'AT_ON_COMMENT', '12', '13', '110', '0', '103', '86643', '2020-07-05 10:30:47', '2020-07-05 10:30:47'), ('11', 'COMMENT', 'COMMENT_TO_MOMENT', '13', '13', '110', '0', '103', '86643', '2020-07-05 10:30:47', '2020-07-05 10:30:47'), ('12', 'AT', 'AT_ON_COMMENT', '12', '12', '110', '0', '104', '86643', '2020-07-05 10:32:33', '2020-07-05 10:32:33'), ('13', 'COMMENT', 'COMMENT_TO_MOMENT', '13', '12', '110', '0', '104', '86643', '2020-07-05 10:32:33', '2020-07-05 10:32:33'), ('14', 'AT', 'AT_ON_COMMENT', '12', '12', '110', '0', '105', '86643', '2020-07-05 10:34:21', '2020-07-05 10:34:21'), ('15', 'COMMENT', 'COMMENT_TO_MOMENT', '13', '12', '110', '0', '105', '86643', '2020-07-05 10:34:21', '2020-07-05 10:34:21'), ('16', 'AT', 'AT_ON_CHILDREN_COMMENT', '12', '13', '96', '97', '108', '86643', '2020-07-05 10:39:39', '2020-07-05 10:39:39'), ('17', 'COMMENT', 'REPLY_TO_MOMENT_COMMENT', '1', '13', '96', '97', '108', '86643', '2020-07-05 10:39:39', '2020-07-05 10:39:39'), ('18', 'NOTIFICATION', 'SHARE_VIDEO', '12', '13', '115', '0', '0', '86643', '2020-07-05 17:25:53', '2020-07-05 17:25:53'), ('19', 'NOTIFICATION', 'COLLECT_VIDEO', '12', '12', '115', '0', '0', '86643', '2020-07-05 17:27:54', '2020-07-05 17:27:54'), ('20', 'NOTIFICATION', 'LIKE_VIDEO', '12', '12', '115', '0', '0', '86643', '2020-07-05 17:28:03', '2020-07-05 17:28:03'), ('21', 'COMMENT', 'COMMENT_TO_VIDEO', '12', '14', '115', '0', '109', '86643', '2020-07-05 17:28:41', '2020-07-05 17:28:41'), ('22', 'COMMENT', 'COMMENT_TO_MOMENT', '12', '13', '107', '0', '110', '86643', '2020-07-05 19:03:27', '2020-07-05 19:03:27'), ('23', 'COMMENT', 'REPLY_TO_MOMENT_COMMENT', '13', '13', '107', '110', '111', '86643', '2020-07-05 19:04:00', '2020-07-05 19:04:00'), ('24', 'COMMENT', 'COMMENT_TO_MOMENT', '13', '12', '112', '0', '112', '86643', '2020-07-05 19:04:48', '2020-07-05 19:04:48'), ('25', 'COMMENT', 'REPLY_TO_MOMENT_COMMENT', '12', '12', '112', '112', '113', '86643', '2020-07-05 19:04:53', '2020-07-05 19:04:53'), ('26', 'COMMENT', 'REPLY_TO_MOMENT_COMMENT', '12', '13', '112', '112', '114', '86643', '2020-07-05 19:05:16', '2020-07-05 19:05:16'), ('27', 'COMMENT', 'COMMENT_TO_MOMENT', '13', '13', '112', '0', '115', '86643', '2020-07-05 19:05:23', '2020-07-05 19:05:23'), ('28', 'COMMENT', 'REPLY_TO_MOMENT_COMMENT', '13', '13', '112', '115', '116', '86643', '2020-07-05 19:05:28', '2020-07-05 19:05:28'), ('29', 'COMMENT', 'REPLY_TO_MOMENT_COMMENT', '12', '13', '112', '112', '117', '86643', '2020-07-05 19:05:42', '2020-07-05 19:05:42'), ('30', 'NOTIFICATION', 'LIKE_VIDEO', '12', '13', '115', '0', '0', '86643', '2020-07-09 11:39:47', '2020-07-09 11:39:47'), ('31', 'NOTIFICATION', 'FOLLOW_USER', '12', '13', '0', '0', '0', '86643', '2020-07-09 11:40:00', '2020-07-09 11:40:00');
COMMIT;

-- ----------------------------
--  Table structure for `private_letter`
-- ----------------------------
DROP TABLE IF EXISTS `private_letter`;
CREATE TABLE `private_letter` (
  `id` bigint(20) NOT NULL AUTO_INCREMENT COMMENT '主键',
  `sender_user_id` bigint(20) NOT NULL COMMENT '发送者id',
  `receiver_user_id` bigint(20) NOT NULL COMMENT '接收者id',
  `type` int(11) NOT NULL COMMENT '类型（0：纯文本，1：图片）',
  `text_content` varchar(255) NOT NULL DEFAULT '' COMMENT '文本内容',
  `image_url` varchar(255) NOT NULL DEFAULT '' COMMENT '图片链接',
  `artist_id` bigint(20) NOT NULL COMMENT '演出者id',
  `create_time` datetime NOT NULL DEFAULT CURRENT_TIMESTAMP COMMENT '创建时间',
  `update_time` datetime NOT NULL DEFAULT CURRENT_TIMESTAMP ON UPDATE CURRENT_TIMESTAMP COMMENT '更新时间',
  PRIMARY KEY (`id`)
) ENGINE=InnoDB DEFAULT CHARSET=utf8mb4 ROW_FORMAT=DYNAMIC COMMENT='私信表';

-- ----------------------------
--  Table structure for `region_city`
-- ----------------------------
DROP TABLE IF EXISTS `region_city`;
CREATE TABLE `region_city` (
  `id` varchar(12) NOT NULL,
  `name` varchar(64) DEFAULT NULL,
  `province_id` varchar(12) DEFAULT NULL,
  PRIMARY KEY (`id`)
) ENGINE=InnoDB DEFAULT CHARSET=utf8mb4 ROW_FORMAT=DYNAMIC;

-- ----------------------------
--  Records of `region_city`
-- ----------------------------
BEGIN;
INSERT INTO `region_city` VALUES ('110100000000', '市辖区', '110000000000'), ('120100000000', '市辖区', '120000000000'), ('130100000000', '石家庄市', '130000000000'), ('130200000000', '唐山市', '130000000000'), ('130300000000', '秦皇岛市', '130000000000'), ('130400000000', '邯郸市', '130000000000'), ('130500000000', '邢台市', '130000000000'), ('130600000000', '保定市', '130000000000'), ('130700000000', '张家口市', '130000000000'), ('130800000000', '承德市', '130000000000'), ('130900000000', '沧州市', '130000000000'), ('131000000000', '廊坊市', '130000000000'), ('131100000000', '衡水市', '130000000000'), ('140100000000', '太原市', '140000000000'), ('140200000000', '大同市', '140000000000'), ('140300000000', '阳泉市', '140000000000'), ('140400000000', '长治市', '140000000000'), ('140500000000', '晋城市', '140000000000'), ('140600000000', '朔州市', '140000000000'), ('140700000000', '晋中市', '140000000000'), ('140800000000', '运城市', '140000000000'), ('140900000000', '忻州市', '140000000000'), ('141000000000', '临汾市', '140000000000'), ('141100000000', '吕梁市', '140000000000'), ('150100000000', '呼和浩特市', '150000000000'), ('150200000000', '包头市', '150000000000'), ('150300000000', '乌海市', '150000000000'), ('150400000000', '赤峰市', '150000000000'), ('150500000000', '通辽市', '150000000000'), ('150600000000', '鄂尔多斯市', '150000000000'), ('150700000000', '呼伦贝尔市', '150000000000'), ('150800000000', '巴彦淖尔市', '150000000000'), ('150900000000', '乌兰察布市', '150000000000'), ('152200000000', '兴安盟', '150000000000'), ('152500000000', '锡林郭勒盟', '150000000000'), ('152900000000', '阿拉善盟', '150000000000'), ('210100000000', '沈阳市', '210000000000'), ('210200000000', '大连市', '210000000000'), ('210300000000', '鞍山市', '210000000000'), ('210400000000', '抚顺市', '210000000000'), ('210500000000', '本溪市', '210000000000'), ('210600000000', '丹东市', '210000000000'), ('210700000000', '锦州市', '210000000000'), ('210800000000', '营口市', '210000000000'), ('210900000000', '阜新市', '210000000000'), ('211000000000', '辽阳市', '210000000000'), ('211100000000', '盘锦市', '210000000000'), ('211200000000', '铁岭市', '210000000000'), ('211300000000', '朝阳市', '210000000000'), ('211400000000', '葫芦岛市', '210000000000'), ('220100000000', '长春市', '220000000000'), ('220200000000', '吉林市', '220000000000'), ('220300000000', '四平市', '220000000000'), ('220400000000', '辽源市', '220000000000'), ('220500000000', '通化市', '220000000000'), ('220600000000', '白山市', '220000000000'), ('220700000000', '松原市', '220000000000'), ('220800000000', '白城市', '220000000000'), ('222400000000', '延边朝鲜族自治州', '220000000000'), ('230100000000', '哈尔滨市', '230000000000'), ('230200000000', '齐齐哈尔市', '230000000000'), ('230300000000', '鸡西市', '230000000000'), ('230400000000', '鹤岗市', '230000000000'), ('230500000000', '双鸭山市', '230000000000'), ('230600000000', '大庆市', '230000000000'), ('230700000000', '伊春市', '230000000000'), ('230800000000', '佳木斯市', '230000000000'), ('230900000000', '七台河市', '230000000000'), ('231000000000', '牡丹江市', '230000000000'), ('231100000000', '黑河市', '230000000000'), ('231200000000', '绥化市', '230000000000'), ('232700000000', '大兴安岭地区', '230000000000'), ('310100000000', '市辖区', '310000000000'), ('320100000000', '南京市', '320000000000'), ('320200000000', '无锡市', '320000000000'), ('320300000000', '徐州市', '320000000000'), ('320400000000', '常州市', '320000000000'), ('320500000000', '苏州市', '320000000000'), ('320600000000', '南通市', '320000000000'), ('320700000000', '连云港市', '320000000000'), ('320800000000', '淮安市', '320000000000'), ('320900000000', '盐城市', '320000000000'), ('321000000000', '扬州市', '320000000000'), ('321100000000', '镇江市', '320000000000'), ('321200000000', '泰州市', '320000000000'), ('321300000000', '宿迁市', '320000000000'), ('330100000000', '杭州市', '330000000000'), ('330200000000', '宁波市', '330000000000'), ('330300000000', '温州市', '330000000000'), ('330400000000', '嘉兴市', '330000000000'), ('330500000000', '湖州市', '330000000000'), ('330600000000', '绍兴市', '330000000000'), ('330700000000', '金华市', '330000000000'), ('330800000000', '衢州市', '330000000000'), ('330900000000', '舟山市', '330000000000'), ('331000000000', '台州市', '330000000000'), ('331100000000', '丽水市', '330000000000'), ('340100000000', '合肥市', '340000000000'), ('340200000000', '芜湖市', '340000000000'), ('340300000000', '蚌埠市', '340000000000'), ('340400000000', '淮南市', '340000000000'), ('340500000000', '马鞍山市', '340000000000'), ('340600000000', '淮北市', '340000000000'), ('340700000000', '铜陵市', '340000000000'), ('340800000000', '安庆市', '340000000000'), ('341000000000', '黄山市', '340000000000'), ('341100000000', '滁州市', '340000000000'), ('341200000000', '阜阳市', '340000000000'), ('341300000000', '宿州市', '340000000000'), ('341500000000', '六安市', '340000000000'), ('341600000000', '亳州市', '340000000000'), ('341700000000', '池州市', '340000000000'), ('341800000000', '宣城市', '340000000000'), ('350100000000', '福州市', '350000000000'), ('350200000000', '厦门市', '350000000000'), ('350300000000', '莆田市', '350000000000'), ('350400000000', '三明市', '350000000000'), ('350500000000', '泉州市', '350000000000'), ('350600000000', '漳州市', '350000000000'), ('350700000000', '南平市', '350000000000'), ('350800000000', '龙岩市', '350000000000'), ('350900000000', '宁德市', '350000000000'), ('360100000000', '南昌市', '360000000000'), ('360200000000', '景德镇市', '360000000000'), ('360300000000', '萍乡市', '360000000000'), ('360400000000', '九江市', '360000000000'), ('360500000000', '新余市', '360000000000'), ('360600000000', '鹰潭市', '360000000000'), ('360700000000', '赣州市', '360000000000'), ('360800000000', '吉安市', '360000000000'), ('360900000000', '宜春市', '360000000000'), ('361000000000', '抚州市', '360000000000'), ('361100000000', '上饶市', '360000000000'), ('370100000000', '济南市', '370000000000'), ('370200000000', '青岛市', '370000000000'), ('370300000000', '淄博市', '370000000000'), ('370400000000', '枣庄市', '370000000000'), ('370500000000', '东营市', '370000000000'), ('370600000000', '烟台市', '370000000000'), ('370700000000', '潍坊市', '370000000000'), ('370800000000', '济宁市', '370000000000'), ('370900000000', '泰安市', '370000000000'), ('371000000000', '威海市', '370000000000'), ('371100000000', '日照市', '370000000000'), ('371200000000', '莱芜市', '370000000000'), ('371300000000', '临沂市', '370000000000'), ('371400000000', '德州市', '370000000000'), ('371500000000', '聊城市', '370000000000'), ('371600000000', '滨州市', '370000000000'), ('371700000000', '菏泽市', '370000000000'), ('410100000000', '郑州市', '410000000000'), ('410200000000', '开封市', '410000000000'), ('410300000000', '洛阳市', '410000000000'), ('410400000000', '平顶山市', '410000000000'), ('410500000000', '安阳市', '410000000000'), ('410600000000', '鹤壁市', '410000000000'), ('410700000000', '新乡市', '410000000000'), ('410800000000', '焦作市', '410000000000'), ('410900000000', '濮阳市', '410000000000'), ('411000000000', '许昌市', '410000000000'), ('411100000000', '漯河市', '410000000000'), ('411200000000', '三门峡市', '410000000000'), ('411300000000', '南阳市', '410000000000'), ('411400000000', '商丘市', '410000000000'), ('411500000000', '信阳市', '410000000000'), ('411600000000', '周口市', '410000000000'), ('411700000000', '驻马店市', '410000000000'), ('419000000000', '省直辖县级行政区划', '410000000000'), ('420100000000', '武汉市', '420000000000'), ('420200000000', '黄石市', '420000000000'), ('420300000000', '十堰市', '420000000000'), ('420500000000', '宜昌市', '420000000000'), ('420600000000', '襄阳市', '420000000000'), ('420700000000', '鄂州市', '420000000000'), ('420800000000', '荆门市', '420000000000'), ('420900000000', '孝感市', '420000000000'), ('421000000000', '荆州市', '420000000000'), ('421100000000', '黄冈市', '420000000000'), ('421200000000', '咸宁市', '420000000000'), ('421300000000', '随州市', '420000000000'), ('422800000000', '恩施土家族苗族自治州', '420000000000'), ('429000000000', '省直辖县级行政区划', '420000000000'), ('430100000000', '长沙市', '430000000000'), ('430200000000', '株洲市', '430000000000'), ('430300000000', '湘潭市', '430000000000'), ('430400000000', '衡阳市', '430000000000'), ('430500000000', '邵阳市', '430000000000'), ('430600000000', '岳阳市', '430000000000'), ('430700000000', '常德市', '430000000000'), ('430800000000', '张家界市', '430000000000'), ('430900000000', '益阳市', '430000000000'), ('431000000000', '郴州市', '430000000000'), ('431100000000', '永州市', '430000000000'), ('431200000000', '怀化市', '430000000000'), ('431300000000', '娄底市', '430000000000'), ('433100000000', '湘西土家族苗族自治州', '430000000000'), ('440100000000', '广州市', '440000000000'), ('440200000000', '韶关市', '440000000000'), ('440300000000', '深圳市', '440000000000'), ('440400000000', '珠海市', '440000000000'), ('440500000000', '汕头市', '440000000000'), ('440600000000', '佛山市', '440000000000'), ('440700000000', '江门市', '440000000000'), ('440800000000', '湛江市', '440000000000'), ('440900000000', '茂名市', '440000000000'), ('441200000000', '肇庆市', '440000000000'), ('441300000000', '惠州市', '440000000000'), ('441400000000', '梅州市', '440000000000'), ('441500000000', '汕尾市', '440000000000'), ('441600000000', '河源市', '440000000000'), ('441700000000', '阳江市', '440000000000'), ('441800000000', '清远市', '440000000000'), ('441900000000', '东莞市', '440000000000'), ('442000000000', '中山市', '440000000000'), ('445100000000', '潮州市', '440000000000'), ('445200000000', '揭阳市', '440000000000'), ('445300000000', '云浮市', '440000000000'), ('450100000000', '南宁市', '450000000000'), ('450200000000', '柳州市', '450000000000'), ('450300000000', '桂林市', '450000000000'), ('450400000000', '梧州市', '450000000000'), ('450500000000', '北海市', '450000000000'), ('450600000000', '防城港市', '450000000000'), ('450700000000', '钦州市', '450000000000'), ('450800000000', '贵港市', '450000000000'), ('450900000000', '玉林市', '450000000000'), ('451000000000', '百色市', '450000000000'), ('451100000000', '贺州市', '450000000000'), ('451200000000', '河池市', '450000000000'), ('451300000000', '来宾市', '450000000000'), ('451400000000', '崇左市', '450000000000'), ('460100000000', '海口市', '460000000000'), ('460200000000', '三亚市', '460000000000'), ('460300000000', '三沙市', '460000000000'), ('460400000000', '儋州市', '460000000000'), ('469000000000', '省直辖县级行政区划', '460000000000'), ('500100000000', '市辖区', '500000000000'), ('500200000000', '县', '500000000000'), ('510100000000', '成都市', '510000000000'), ('510300000000', '自贡市', '510000000000'), ('510400000000', '攀枝花市', '510000000000'), ('510500000000', '泸州市', '510000000000'), ('510600000000', '德阳市', '510000000000'), ('510700000000', '绵阳市', '510000000000'), ('510800000000', '广元市', '510000000000'), ('510900000000', '遂宁市', '510000000000'), ('511000000000', '内江市', '510000000000'), ('511100000000', '乐山市', '510000000000'), ('511300000000', '南充市', '510000000000'), ('511400000000', '眉山市', '510000000000'), ('511500000000', '宜宾市', '510000000000'), ('511600000000', '广安市', '510000000000'), ('511700000000', '达州市', '510000000000'), ('511800000000', '雅安市', '510000000000'), ('511900000000', '巴中市', '510000000000'), ('512000000000', '资阳市', '510000000000'), ('513200000000', '阿坝藏族羌族自治州', '510000000000'), ('513300000000', '甘孜藏族自治州', '510000000000'), ('513400000000', '凉山彝族自治州', '510000000000'), ('520100000000', '贵阳市', '520000000000'), ('520200000000', '六盘水市', '520000000000'), ('520300000000', '遵义市', '520000000000'), ('520400000000', '安顺市', '520000000000'), ('520500000000', '毕节市', '520000000000'), ('520600000000', '铜仁市', '520000000000'), ('522300000000', '黔西南布依族苗族自治州', '520000000000'), ('522600000000', '黔东南苗族侗族自治州', '520000000000'), ('522700000000', '黔南布依族苗族自治州', '520000000000'), ('530100000000', '昆明市', '530000000000'), ('530300000000', '曲靖市', '530000000000'), ('530400000000', '玉溪市', '530000000000'), ('530500000000', '保山市', '530000000000'), ('530600000000', '昭通市', '530000000000'), ('530700000000', '丽江市', '530000000000'), ('530800000000', '普洱市', '530000000000'), ('530900000000', '临沧市', '530000000000'), ('532300000000', '楚雄彝族自治州', '530000000000'), ('532500000000', '红河哈尼族彝族自治州', '530000000000'), ('532600000000', '文山壮族苗族自治州', '530000000000'), ('532800000000', '西双版纳傣族自治州', '530000000000'), ('532900000000', '大理白族自治州', '530000000000'), ('533100000000', '德宏傣族景颇族自治州', '530000000000'), ('533300000000', '怒江傈僳族自治州', '530000000000'), ('533400000000', '迪庆藏族自治州', '530000000000'), ('540100000000', '拉萨市', '540000000000'), ('540200000000', '日喀则市', '540000000000'), ('540300000000', '昌都市', '540000000000'), ('540400000000', '林芝市', '540000000000'), ('540500000000', '山南市', '540000000000'), ('540600000000', '那曲市', '540000000000'), ('542500000000', '阿里地区', '540000000000'), ('610100000000', '西安市', '610000000000'), ('610200000000', '铜川市', '610000000000'), ('610300000000', '宝鸡市', '610000000000'), ('610400000000', '咸阳市', '610000000000'), ('610500000000', '渭南市', '610000000000'), ('610600000000', '延安市', '610000000000'), ('610700000000', '汉中市', '610000000000'), ('610800000000', '榆林市', '610000000000'), ('610900000000', '安康市', '610000000000'), ('611000000000', '商洛市', '610000000000'), ('620100000000', '兰州市', '620000000000'), ('620200000000', '嘉峪关市', '620000000000'), ('620300000000', '金昌市', '620000000000'), ('620400000000', '白银市', '620000000000'), ('620500000000', '天水市', '620000000000'), ('620600000000', '武威市', '620000000000'), ('620700000000', '张掖市', '620000000000'), ('620800000000', '平凉市', '620000000000'), ('620900000000', '酒泉市', '620000000000'), ('621000000000', '庆阳市', '620000000000'), ('621100000000', '定西市', '620000000000'), ('621200000000', '陇南市', '620000000000'), ('622900000000', '临夏回族自治州', '620000000000'), ('623000000000', '甘南藏族自治州', '620000000000'), ('630100000000', '西宁市', '630000000000'), ('630200000000', '海东市', '630000000000'), ('632200000000', '海北藏族自治州', '630000000000'), ('632300000000', '黄南藏族自治州', '630000000000'), ('632500000000', '海南藏族自治州', '630000000000'), ('632600000000', '果洛藏族自治州', '630000000000'), ('632700000000', '玉树藏族自治州', '630000000000'), ('632800000000', '海西蒙古族藏族自治州', '630000000000'), ('640100000000', '银川市', '640000000000'), ('640200000000', '石嘴山市', '640000000000'), ('640300000000', '吴忠市', '640000000000'), ('640400000000', '固原市', '640000000000'), ('640500000000', '中卫市', '640000000000'), ('650100000000', '乌鲁木齐市', '650000000000'), ('650200000000', '克拉玛依市', '650000000000'), ('650400000000', '吐鲁番市', '650000000000'), ('650500000000', '哈密市', '650000000000'), ('652300000000', '昌吉回族自治州', '650000000000'), ('652700000000', '博尔塔拉蒙古自治州', '650000000000'), ('652800000000', '巴音郭楞蒙古自治州', '650000000000'), ('652900000000', '阿克苏地区', '650000000000'), ('653000000000', '克孜勒苏柯尔克孜自治州', '650000000000'), ('653100000000', '喀什地区', '650000000000'), ('653200000000', '和田地区', '650000000000'), ('654000000000', '伊犁哈萨克自治州', '650000000000'), ('654200000000', '塔城地区', '650000000000'), ('654300000000', '阿勒泰地区', '650000000000'), ('659000000000', '自治区直辖县级行政区划', '650000000000');
COMMIT;

-- ----------------------------
--  Table structure for `region_province`
-- ----------------------------
DROP TABLE IF EXISTS `region_province`;
CREATE TABLE `region_province` (
  `id` varchar(12) NOT NULL,
  `name` varchar(64) DEFAULT NULL,
  PRIMARY KEY (`id`)
) ENGINE=InnoDB DEFAULT CHARSET=utf8mb4 ROW_FORMAT=DYNAMIC;

-- ----------------------------
--  Records of `region_province`
-- ----------------------------
BEGIN;
INSERT INTO `region_province` VALUES ('110000000000', '北京市'), ('120000000000', '天津市'), ('130000000000', '河北省'), ('140000000000', '山西省'), ('150000000000', '内蒙古自治区'), ('210000000000', '辽宁省'), ('220000000000', '吉林省'), ('230000000000', '黑龙江省'), ('310000000000', '上海市'), ('320000000000', '江苏省'), ('330000000000', '浙江省'), ('340000000000', '安徽省'), ('350000000000', '福建省'), ('360000000000', '江西省'), ('370000000000', '山东省'), ('410000000000', '河南省'), ('420000000000', '湖北省'), ('430000000000', '湖南省'), ('440000000000', '广东省'), ('450000000000', '广西壮族自治区'), ('460000000000', '海南省'), ('500000000000', '重庆市'), ('510000000000', '四川省'), ('520000000000', '贵州省'), ('530000000000', '云南省'), ('540000000000', '西藏自治区'), ('610000000000', '陕西省'), ('620000000000', '甘肃省'), ('630000000000', '青海省'), ('640000000000', '宁夏回族自治区'), ('650000000000', '新疆维吾尔自治区');
COMMIT;

-- ----------------------------
--  Table structure for `share`
-- ----------------------------
DROP TABLE IF EXISTS `share`;
CREATE TABLE `share` (
  `id` bigint(20) NOT NULL AUTO_INCREMENT COMMENT '主键',
  `user_id` bigint(20) NOT NULL COMMENT '用户id',
  `page_type` varchar(20) NOT NULL COMMENT '页面类型',
  `moment_id` bigint(20) NOT NULL DEFAULT '0' COMMENT '动态id',
  `profile_user_id` bigint(20) NOT NULL DEFAULT '0' COMMENT 'profile用户id',
  `artist_id` bigint(20) NOT NULL COMMENT '演出者id',
  `create_time` datetime NOT NULL DEFAULT CURRENT_TIMESTAMP COMMENT '创建时间',
  `update_time` datetime NOT NULL DEFAULT CURRENT_TIMESTAMP ON UPDATE CURRENT_TIMESTAMP COMMENT '更新时间',
  PRIMARY KEY (`id`)
) ENGINE=InnoDB AUTO_INCREMENT=9 DEFAULT CHARSET=utf8mb4 ROW_FORMAT=DYNAMIC COMMENT='分享表';

-- ----------------------------
--  Records of `share`
-- ----------------------------
BEGIN;
INSERT INTO `share` VALUES ('1', '12', 'INDEX', '0', '0', '86643', '2020-06-26 00:07:24', '2020-06-26 00:07:24'), ('2', '12', 'VIDEO_DETAIL', '87', '0', '86643', '2020-06-26 00:09:41', '2020-06-26 00:09:41'), ('3', '12', 'MOMENT_DETAIL', '102', '0', '86643', '2020-06-27 11:08:37', '2020-06-27 11:08:37'), ('4', '12', 'SQUARE', '0', '0', '86643', '2020-07-04 22:52:39', '2020-07-04 22:52:39'), ('6', '13', 'SQUARE', '0', '0', '86643', '2020-07-05 10:07:39', '2020-07-05 10:07:39'), ('7', '13', 'MOMENT_DETAIL', '107', '0', '86643', '2020-07-05 10:07:39', '2020-07-05 10:07:39'), ('8', '13', 'VIDEO_DETAIL', '115', '0', '86643', '2020-07-05 17:25:53', '2020-07-05 17:25:53');
COMMIT;

-- ----------------------------
--  Table structure for `tag`
-- ----------------------------
DROP TABLE IF EXISTS `tag`;
CREATE TABLE `tag` (
  `id` bigint(20) NOT NULL AUTO_INCREMENT COMMENT '主键',
  `name` varchar(50) NOT NULL COMMENT '标签名称',
  `create_user_id` bigint(20) NOT NULL COMMENT '创建人id',
  `fans_count` int(11) NOT NULL DEFAULT '0' COMMENT '粉丝人数',
  `artist_id` bigint(20) NOT NULL COMMENT '演出者id',
  `create_time` datetime NOT NULL DEFAULT CURRENT_TIMESTAMP COMMENT '创建时间',
  `update_time` datetime NOT NULL DEFAULT CURRENT_TIMESTAMP ON UPDATE CURRENT_TIMESTAMP COMMENT '更新时间',
  PRIMARY KEY (`id`)
) ENGINE=InnoDB DEFAULT CHARSET=utf8mb4 ROW_FORMAT=DYNAMIC COMMENT='标签表';

-- ----------------------------
--  Table structure for `tag_relation`
-- ----------------------------
DROP TABLE IF EXISTS `tag_relation`;
CREATE TABLE `tag_relation` (
  `id` bigint(20) NOT NULL AUTO_INCREMENT COMMENT '主键',
  `tag_id` bigint(20) NOT NULL COMMENT '标签id',
  `entity_type` varchar(10) NOT NULL COMMENT '目标类型（MOMENT：动态）',
  `entity_id` bigint(20) NOT NULL COMMENT '目标id',
  `artist_id` bigint(20) NOT NULL COMMENT '演出者id',
  `create_time` datetime NOT NULL DEFAULT CURRENT_TIMESTAMP COMMENT '创建时间',
  `update_time` datetime NOT NULL DEFAULT CURRENT_TIMESTAMP ON UPDATE CURRENT_TIMESTAMP COMMENT '更新时间',
  PRIMARY KEY (`id`)
) ENGINE=InnoDB DEFAULT CHARSET=utf8mb4 ROW_FORMAT=DYNAMIC COMMENT='标签-关联表';

-- ----------------------------
--  Table structure for `topic`
-- ----------------------------
DROP TABLE IF EXISTS `topic`;
CREATE TABLE `topic` (
  `id` bigint(20) NOT NULL AUTO_INCREMENT COMMENT '主键',
  `name` varchar(30) NOT NULL DEFAULT '' COMMENT '话题名称',
  `cover_url` varchar(255) NOT NULL,
  `create_user_id` bigint(20) NOT NULL COMMENT '创建人id',
  `last_update_user_id` bigint(20) NOT NULL,
  `artist_id` bigint(20) NOT NULL COMMENT '演出者id',
  `create_time` datetime NOT NULL DEFAULT CURRENT_TIMESTAMP COMMENT '创建时间',
  `update_time` datetime NOT NULL DEFAULT CURRENT_TIMESTAMP ON UPDATE CURRENT_TIMESTAMP COMMENT '更新时间',
  PRIMARY KEY (`id`),
  UNIQUE KEY `idx_name` (`name`,`artist_id`)
) ENGINE=InnoDB AUTO_INCREMENT=12 DEFAULT CHARSET=utf8mb4 ROW_FORMAT=DYNAMIC COMMENT='话题表';

-- ----------------------------
--  Records of `topic`
-- ----------------------------
BEGIN;
INSERT INTO `topic` VALUES ('8', 'ttt', 'https://fanchaoo-live.oss-cn-beijing.aliyuncs.com/fddm/image/15921064553848e4aba0127964935be9cfdb647670667.jpeg', '1', '1', '86643', '2020-06-22 22:56:34', '2020-06-25 15:06:57'), ('9', '测试话题', 'https://fanchaoo-live.oss-cn-beijing.aliyuncs.com/fddm/image/1593070066926cf50418ea7104bf3b11e85fc81991254.jpeg', '1', '1', '86643', '2020-06-25 11:05:05', '2020-06-25 15:27:50'), ('10', '发送到房加上了大姐夫萨拉丁见缝拉萨大是大非', 'https://fanchaoo-live.oss-cn-beijing.aliyuncs.com/fddm/image/15921064553848e4aba0127964935be9cfdb647670667.jpeg', '1', '1', '86643', '2020-06-25 11:05:47', '2020-06-25 15:07:05'), ('11', '话题终结者', 'https://fanchaoo-live.oss-cn-beijing.aliyuncs.com/fddm/image/15921064553848e4aba0127964935be9cfdb647670667.jpeg', '12', '12', '86643', '2020-07-03 18:53:16', '2020-07-03 18:53:16');
COMMIT;

-- ----------------------------
--  Table structure for `topic_relation`
-- ----------------------------
DROP TABLE IF EXISTS `topic_relation`;
CREATE TABLE `topic_relation` (
  `id` bigint(20) NOT NULL AUTO_INCREMENT COMMENT '主键',
  `topic_id` bigint(20) NOT NULL COMMENT '话题id',
  `moment_id` bigint(20) NOT NULL COMMENT '动态id',
  `user_id` bigint(20) NOT NULL COMMENT '用户id',
  `artist_id` bigint(20) NOT NULL COMMENT '演出者id',
  `create_time` datetime NOT NULL DEFAULT CURRENT_TIMESTAMP COMMENT '创建时间',
  `update_time` datetime NOT NULL DEFAULT CURRENT_TIMESTAMP ON UPDATE CURRENT_TIMESTAMP COMMENT '更新时间',
  PRIMARY KEY (`id`)
) ENGINE=InnoDB AUTO_INCREMENT=5 DEFAULT CHARSET=utf8mb4 ROW_FORMAT=DYNAMIC COMMENT='话题-动态-关联表';

-- ----------------------------
--  Records of `topic_relation`
-- ----------------------------
BEGIN;
INSERT INTO `topic_relation` VALUES ('1', '8', '98', '1', '86643', '2020-06-22 22:56:34', '2020-06-25 15:12:31'), ('2', '9', '99', '1', '86643', '2020-06-25 11:05:05', '2020-06-25 15:12:33'), ('3', '10', '101', '1', '86643', '2020-06-25 11:05:47', '2020-06-25 15:12:34'), ('4', '11', '107', '12', '86643', '2020-07-03 18:53:16', '2020-07-03 18:53:16');
COMMIT;

-- ----------------------------
--  Table structure for `user`
-- ----------------------------
DROP TABLE IF EXISTS `user`;
CREATE TABLE `user` (
  `id` bigint(20) NOT NULL AUTO_INCREMENT COMMENT '主键',
  `name` varchar(50) NOT NULL COMMENT '用户名',
  `gender` int(11) NOT NULL DEFAULT '1' COMMENT '性别（0：女，1：男）',
  `avatar_url` varchar(255) NOT NULL DEFAULT '' COMMENT '头像url',
  `description` varchar(50) NOT NULL DEFAULT '' COMMENT '个人简介',
  `mini_weixin_union_id` varchar(255) NOT NULL DEFAULT '' COMMENT '微信小程序unionId',
  `mini_weixin_open_id` varchar(255) NOT NULL DEFAULT '' COMMENT '微信小程序openId',
  `mini_qq_union_id` varchar(255) NOT NULL DEFAULT '' COMMENT 'QQ小程序unionId',
  `mini_qq_open_id` varchar(255) NOT NULL DEFAULT '' COMMENT 'QQ小程序openId',
  `country` varchar(50) NOT NULL DEFAULT '' COMMENT '国家',
  `province` varchar(50) NOT NULL DEFAULT '' COMMENT '省',
  `city` varchar(50) NOT NULL DEFAULT '' COMMENT '市',
  `university` varchar(50) NOT NULL DEFAULT '' COMMENT '大学',
  `follow_count` int(11) NOT NULL DEFAULT '0' COMMENT '关注人数',
  `fans_count` int(11) NOT NULL DEFAULT '0' COMMENT '粉丝人数',
  `letter_unread` int(11) NOT NULL DEFAULT '0' COMMENT '私信未读',
  `comment_unread` int(11) NOT NULL DEFAULT '0' COMMENT '评论未读',
  `at_unread` int(11) NOT NULL DEFAULT '0' COMMENT '@未读',
  `notification_unread` int(11) NOT NULL DEFAULT '0' COMMENT '通知未读',
  `artist_id` bigint(20) NOT NULL COMMENT '演出者id',
  `create_time` datetime NOT NULL DEFAULT CURRENT_TIMESTAMP COMMENT '创建时间',
  `update_time` datetime NOT NULL DEFAULT CURRENT_TIMESTAMP ON UPDATE CURRENT_TIMESTAMP COMMENT '更新时间',
  PRIMARY KEY (`id`)
) ENGINE=InnoDB AUTO_INCREMENT=15 DEFAULT CHARSET=utf8mb4 ROW_FORMAT=DYNAMIC COMMENT='用户表';

-- ----------------------------
--  Records of `user`
-- ----------------------------
BEGIN;
INSERT INTO `user` VALUES ('1', '测试tenn', '1', 'https://thirdwx.qlogo.cn/mmopen/vi_32/DYAIOgq83eq0IFia73OfcSaSzCGjnMwavVHBDJgZRr78A1iaWYklvc15GjaISvhgyAb9V8oiaKG5W78LjZ4U1H0Jg/132', '呵呵呵nn', 'oCPPhwh3scLXKbO3jKYAQWyGJEc0', 'os4MY0ZnCallqi47nnSDMJ95FQR0', '', '', 'China', 'Hebei', 'Handan', '河北经贸大学', '1', '-4', '0', '1', '0', '0', '86643', '2020-05-03 12:21:10', '2020-10-13 23:38:21'), ('12', '范超', '1', 'https://wx.qlogo.cn/mmopen/vi_32/DYAIOgq83eoURLSSqNQ2ZdoUkmv6fcZc7K2hvcia54DS1n0OSPYDoukqXVnZj5pwA9Gb28wg8gdMsiaVRQjpgUfw/132', '', '', 'otFAt5IYwow5UXC54yBBgu-Dtt2U', '', '', 'China', 'Hebei', 'Handan', '', '-6', '3', '0', '0', '0', '0', '86643', '2020-06-26 00:02:59', '2020-07-09 11:40:00'), ('13', 'C', '1', 'https://wx.qlogo.cn/mmopen/vi_32/noqg3yC14JkTBvSjY8H49Mns1eJsunSRlWkgicZIq9ibUDvgPOLIKX8QUdPicJpQCPeHMgpz5qfCXBZUWVp0eeIHA/132', '', '', 'otFAt5Kx5vVVhNpDT304JqWyH4Q8', '', '', 'China', '', '', '', '1', '-1', '0', '7', '0', '3', '86643', '2020-06-26 00:08:05', '2020-07-09 11:40:00'), ('14', 'fc', '1', 'https://wx.qlogo.cn/mmopen/vi_32/Q0j4TwGTfTIsrxJIicGpILsY0ibXkEibxVtAENerQUdibyUdK0hzZPWjg2dX7ic9Mr6icXnmh51EXM9cAhGDR7lBiceaw/132', '', '', 'otFAt5EP4jWONsmZwtEJ_QxkZHpk', '', '', 'Northern Mariana Islands', '', '', '', '1', '-1', '0', '0', '0', '0', '86643', '2020-06-26 01:20:23', '2020-10-13 23:56:47');
COMMIT;

-- ----------------------------
--  Table structure for `venue`
-- ----------------------------
DROP TABLE IF EXISTS `venue`;
CREATE TABLE `venue` (
  `id` bigint(20) NOT NULL AUTO_INCREMENT COMMENT '主键',
  `name` varchar(100) NOT NULL COMMENT '场地名称',
  `address` varchar(255) NOT NULL COMMENT '内容',
  `create_time` datetime NOT NULL DEFAULT CURRENT_TIMESTAMP COMMENT '创建时间',
  `update_time` datetime NOT NULL DEFAULT CURRENT_TIMESTAMP ON UPDATE CURRENT_TIMESTAMP COMMENT '更新时间',
  PRIMARY KEY (`id`)
) ENGINE=InnoDB DEFAULT CHARSET=utf8mb4 ROW_FORMAT=DYNAMIC COMMENT='场地表';

-- ----------------------------
--  Table structure for `video`
-- ----------------------------
DROP TABLE IF EXISTS `video`;
CREATE TABLE `video` (
  `id` int(11) NOT NULL AUTO_INCREMENT,
  `type` varchar(10) NOT NULL,
  `sn` varchar(50) NOT NULL,
  `title` varchar(50) NOT NULL,
  `image_url` varchar(255) NOT NULL,
  `page_url` varchar(255) NOT NULL,
  `mp4_url` varchar(255) NOT NULL,
  PRIMARY KEY (`id`)
) ENGINE=InnoDB AUTO_INCREMENT=225 DEFAULT CHARSET=utf8 ROW_FORMAT=DYNAMIC;

-- ----------------------------
--  Records of `video`
-- ----------------------------
BEGIN;
INSERT INTO `video` VALUES ('1', 'shortvideo', '88AF404C9D4B177C3C878D28AA06FE58', '房东的猫翻唱版《我可以》', 'http://p1.music.126.net/Y-Ow6LXOABmjoB9Rn06t3Q==/109951163573665937.jpg?param=159y90', 'https://music.163.com/video?id=88AF404C9D4B177C3C878D28AA06FE58', 'http://vodkgeyttp8.vod.126.net/vodkgeyttp8/46XwbVo8_1656244131_sd.mp4?wsSecret=2f51e544193eabc37ef14954f5e7fe3e&wsTime=1540085767'), ('2', 'mv', '10751510', '春风十里 Live版', 'http://p1.music.126.net/ZN8omYWJ2KcisXOyGvQAQQ==/109951163455490342.jpg?param=159y90', 'https://music.163.com/mv?id=10751510', 'http://vodkgeyttp8.vod.126.net/cloudmusic/50b4/mv/5a0a/bd0a4f33dfc4690e024fee3c58d816a4.mp4?wsSecret=a1e71e733796cfede10ac4cc671c672a&wsTime=1540086599'), ('3', 'mv', '10751099', '云村听歌会 第2期 房东的猫：新民谣抢先听 好友鸿宇大呼治愈', 'http://p1.music.126.net/Ub5mxqebm6Bg60337N_LeQ==/109951163437458898.jpg?param=159y90', 'https://music.163.com/mv?id=10751099', 'http://vodkgeyttp8.vod.126.net/cloudmusic/MCAwNDEhMGQwMDAkNiIgIA==/mv/5965209/0d231769a82e89f9f89a34402e1199a7.mp4?wsSecret=66f4d2fd68cd18e559238fc129a0975f&wsTime=1540086601'), ('4', 'shortvideo', '15A1F883B4456A4B34AF89410D12D717', '云烟成雨—房东的猫深圳现场', 'http://p1.music.126.net/POkTF0l_6uDqOq5y1arEKA==/109951163573184529.jpg?param=159y90', 'https://music.163.com/video?id=15A1F883B4456A4B34AF89410D12D717', 'http://vodkgeyttp8.vod.126.net/vodkgeyttp8/DqL0YsaF_1367556008_shd.mp4?wsSecret=2f7b64ac234a9f66c4fe1cd4dc3b733d&wsTime=1540086543'), ('5', 'mv', '10753531', '音乐好朋友2 第4期 听唱：所有的酒都不如你', 'http://p1.music.126.net/RrtETBN3_eAO_yvL2oSYeQ==/109951163455653007.jpg?param=159y90', 'https://music.163.com/mv?id=10753531', 'http://vodkgeyttp8.vod.126.net/cloudmusic/f5c0/mv/7241/7d8b53a5540c5f74c242f000782c862d.mp4?wsSecret=937b29babf7b5d732f1d5f8b99a05782&wsTime=1540086606'), ('6', 'mv', '10754145', '这是你想要的生活吗 Live版', 'http://p1.music.126.net/PdgVvu2fJdeJGhpdjQupag==/109951163438435369.jpg?param=159y90', 'https://music.163.com/mv?id=10754145', 'http://vodkgeyttp8.vod.126.net/cloudmusic/52e3/mv/8ccd/fab9fca41a8b8399ba4c4965cd6fab4c.mp4?wsSecret=361d5c7c4af4dc98d938f687e358196c&wsTime=1540086608'), ('7', 'shortvideo', 'B06A2171E96E21A002456641E981E7B4', '房东的猫—房东的猫深圳现场', 'http://p1.music.126.net/GlM-D4JCz9qJbWyR5briAg==/109951163573182666.jpg?param=159y90', 'https://music.163.com/video?id=B06A2171E96E21A002456641E981E7B4', 'http://vodkgeyttp9c.vod.126.net/vodkgeyttp8/WCZTe1zM_1367560783_shd.mp4?wsSecret=bc16253d39fed4a6c7be0a332effe4d3&wsTime=1540086611'), ('8', 'shortvideo', '3121DD0166E36B1FBBA6DBE42D04C7DA', '房东的猫《美好事物》单色舞蹈中国舞晚间教练班学员视频', 'http://p1.music.126.net/6pH7lBFW0z9FPmFRd7ywZw==/109951163574039860.jpg?param=159y90', 'https://music.163.com/video?id=3121DD0166E36B1FBBA6DBE42D04C7DA', 'http://vodkgeyttp9c.vod.126.net/vodkgeyttp8/ZgLq4Hm9_1819041188_shd.mp4?wsSecret=4ccb918453ae12849cfed0642f8a6030&wsTime=1540086614'), ('9', 'mv', '10752227', '音乐好朋友2 第3期 鹿&猫友爱出镜 鹿先森版《下一站，茶山刘》能否唤起青春记忆？', 'http://p1.music.126.net/iIQRKyLctcn-ukM1-b2hug==/109951163443931475.jpg?param=159y90', 'https://music.163.com/mv?id=10752227', 'http://vodkgeyttp8.vod.126.net/cloudmusic/a8e1/mv/3adc/858d7b8a7b9d30bab108dae26e2814d2.mp4?wsSecret=74705d96bcc03e9a6bea557dc66c80d3&wsTime=1540086617'), ('10', 'shortvideo', '92836D5EC7A2D02BA8E2972A53E13856', '红鼻子小黑喜欢你的破音很久了', 'http://p1.music.126.net/bwkTtU-3rvEeq40Du97esw==/109951163573599841.jpg?param=159y90', 'https://music.163.com/video?id=92836D5EC7A2D02BA8E2972A53E13856', 'http://vodkgeyttp8.vod.126.net/vodkgeyttp8/IQGmnK3Q_1608832381_shd.mp4?wsSecret=a776b115c2d1f98ea6d0afe246ec3657&wsTime=1540086602'), ('11', 'shortvideo', 'A2ECBC0E8742102C02E6F3AAD4BEA182', '房东的猫成名前翻唱歌曲《斑马斑马》，那时候还很青涩呢', 'http://p1.music.126.net/nrQx8U8-_7pMHa7hCu5Hcg==/109951163573593535.jpg?param=159y90', 'https://music.163.com/video?id=A2ECBC0E8742102C02E6F3AAD4BEA182', 'http://vodkgeyttp8.vod.126.net/vodkgeyttp8/dGDxe7rk_1606430008_shd.mp4?wsSecret=62798e3e582f9a354fc0fca046d2f746&wsTime=1540086130'), ('12', 'mv', '5810064', '硬地围炉夜房东的猫献唱《秋酿》', 'http://p1.music.126.net/YuMz0sMt8qLG59Lyc-X6sA==/109951163112839967.jpg?param=159y90', 'https://music.163.com/mv?id=5810064', 'http://vodkgeyttp8.vod.126.net/cloudmusic/IjAgIiA0MSIwMGJhMTAwYw==/mv/5843276/5f8bb4556d488381aea445664b9e8328.mp4?wsSecret=d3bf23e91937e9ad7e5c66e74b35dbb5&wsTime=1540086623'), ('13', 'shortvideo', 'FCC6D8D099D9180BD2F71E62392A4828', '房东的猫《恋爱的犀牛》现场版，听一遍就忍不住单曲循环的旋律！', 'http://p1.music.126.net/ISyLSegCy_W75gRhGaNqBw==/109951163572648105.jpg?param=159y90', 'https://music.163.com/video?id=FCC6D8D099D9180BD2F71E62392A4828', 'http://vodkgeyttp9c.vod.126.net/vodkgeyttp8/XPucEG58_13384362_shd.mp4?wsSecret=10b888a6d6669391903d89168ef826e3&wsTime=1540086627'), ('14', 'shortvideo', '21D809B1FB4A4C852B58A82A6B69B9C6', '《八月十五》房东的猫现场破音完整版~感受一下可爱的小黑', 'http://p1.music.126.net/8vC3NexS3CoGnYwWWClWLQ==/109951163574125485.jpg?param=159y90', 'https://music.163.com/video?id=21D809B1FB4A4C852B58A82A6B69B9C6', 'http://vodkgeyttp8c.vod.126.net/vodkgeyttp8/67CPbxhc_1861846285_shd.mp4?wsSecret=672e8cedb043a8c0852a14790be2316f&wsTime=1540086629'), ('15', 'shortvideo', 'FD3CDB6406B3B90344DC2BDAF107F7B3', '2018.05.20 房东的猫 厦门 《我可以》', 'http://p1.music.126.net/XChrCo5CA4PqSsx00eZI6w==/109951163312726610.jpg?param=159y90', 'https://music.163.com/video?id=FD3CDB6406B3B90344DC2BDAF107F7B3', 'http://vodkgeyttp8.vod.126.net/vodkgeyttp8/gTi6HphC_1602335069_shd.mp4?wsSecret=40b19175896040ecdb2df3cf9b10aa7d&wsTime=1540086064'), ('16', 'mv', '5554056', '音乐后现场 第68期 房东的猫：做音乐是最简单的幸福', 'http://p1.music.126.net/_r7567ZTnUOFbWU0FjrNrg==/18559756278791733.jpg?param=159y90', 'https://music.163.com/mv?id=5554056', 'http://vodkgeyttp8.vod.126.net/cloudmusic/MDAhMCJhMiBhIDEkMCAgIg==/mv/5554056/59017a6fb97b4db5c0a7ce9fe2507018.mp4?wsSecret=629dc57fb11fb6cce5b405b12b7ff556&wsTime=1540086634'), ('17', 'shortvideo', 'E055931445ECA5C72423884C6310CA77', '房东的猫——小黑与佩玲快乐与温柔', 'http://p1.music.126.net/o6qHPiYtavn2DHw1bOyC_g==/109951163573902694.jpg?param=159y90', 'https://music.163.com/video?id=E055931445ECA5C72423884C6310CA77', 'http://vodkgeyttp8.vod.126.net/vodkgeyttp8/z5ev5NqQ_1754031368_shd.mp4?wsSecret=eee948d0cfa770c4853b867f7e4c7c39&wsTime=1540086536'), ('18', 'shortvideo', 'CEA194D4D05396173697FC6D3BA6FFC6', '房东的猫《你是我最愚蠢的一次浪漫》2018巡演 福州站', 'http://p1.music.126.net/u-cWL_uBdkf2xyOBxf_sVw==/109951163311726568.jpg?param=159y90', 'https://music.163.com/video?id=CEA194D4D05396173697FC6D3BA6FFC6', 'http://vodkgeyttp8.vod.126.net/vodkgeyttp8/3foPZQvN_1600007168_shd.mp4?wsSecret=dd8fa9e56359618a07b181513a365241&wsTime=1540086523'), ('19', 'shortvideo', '88D4D1118CD3573A2F168AF9D929AF77', '房东的猫《云烟成雨》我多想再见你，就算匆匆一眼就别离', 'http://p1.music.126.net/UIuCckXw7Eo-64nxHO0yFw==/109951163573854883.jpg?param=159y90', 'https://music.163.com/video?id=88D4D1118CD3573A2F168AF9D929AF77', 'http://vodkgeyttp8.vod.126.net/vodkgeyttp8/WtbwyAtt_1732005823_shd.mp4?wsSecret=7c469ae5cb4e6821e40ed1021814d223&wsTime=1540086033'), ('20', 'shortvideo', '35A3BA3DAECA44C9F0D5D128748A0F3B', '房东的猫《你是我最愚蠢的一次浪漫》小黑破音', 'http://p1.music.126.net/ZK-8RImWJmIcSibT2GDZ2w==/109951163573821234.jpg?param=159y90', 'https://music.163.com/video?id=35A3BA3DAECA44C9F0D5D128748A0F3B', 'http://vodkgeyttp8.vod.126.net/vodkgeyttp8/A6XVyeMM_1715349244_shd.mp4?wsSecret=09b9e094aef012cbbaffebee80dd588e&wsTime=1540086097'), ('21', 'shortvideo', 'EA50EC53B2A082893A0F224ADDFA3E57', '房东的猫、方冉《南方姑娘》现场，仿佛在唱她们自己？', 'http://p2.music.126.net/43mbb78OeP6l7F-dXiGASg==/109951163572837132.jpg?param=159y90', 'https://music.163.com/video?id=EA50EC53B2A082893A0F224ADDFA3E57', 'http://vodkgeyttp8c.vod.126.net/vodkgeyttp8/GiKXbFXx_128994859_shd.mp4?wsSecret=89ad4d5fc95265e9e6ef93aabd9e2eb7&wsTime=1540086644'), ('22', 'shortvideo', '40CEC00FC541AD9ED1D0107024F60E66', '房东的猫_少年佩 教你弹吉他', 'http://p2.music.126.net/L4y24WsRKUiQk-4MK_VM_g==/109951163573606011.jpg?param=159y90', 'https://music.163.com/video?id=40CEC00FC541AD9ED1D0107024F60E66', 'http://vodkgeyttp8c.vod.126.net/vodkgeyttp8/bmQNvcwg_1616841859_shd.mp4?wsSecret=f87414bcf5796d71006c03086a3553ec&wsTime=1540086646'), ('23', 'shortvideo', '5356F0FC8A30F78CD6BE7E35DDDAC8CA', '房东的猫《等我们老了，就定居在重庆》巡演 福州站', 'http://p2.music.126.net/22TLhb7QV3xuJdAB4wLJbA==/109951163573567454.jpg?param=159y90', 'https://music.163.com/video?id=5356F0FC8A30F78CD6BE7E35DDDAC8CA', 'http://vodkgeyttp8c.vod.126.net/vodkgeyttp8/MNzTIwAO_1603171268_shd.mp4?wsSecret=143e8e3174dca462f3698d1a1aef257a&wsTime=1540086648'), ('24', 'shortvideo', 'CDA6950008172592E359F37E54FA37DE', '【房东的猫】美好事物', 'http://p2.music.126.net/0ls1CRForjKDIhGkqfVA1Q==/109951163573277837.jpg?param=159y90', 'https://music.163.com/video?id=CDA6950008172592E359F37E54FA37DE', 'http://vodkgeyttp8.vod.126.net/vodkgeyttp8/gl0B00kF_1499614345_hd.mp4?wsSecret=720b7ae93dad23f488fb512bb646dbe4&wsTime=1540085821'), ('25', 'shortvideo', '034BD288723AEC90FC2795CE181B8434', '房东的猫 厦门站《我可以》小黑飙高音', 'http://p2.music.126.net/mpLTeTXqw9SWu1PgrPsiTw==/109951163573844925.jpg?param=159y90', 'https://music.163.com/video?id=034BD288723AEC90FC2795CE181B8434', 'http://vodkgeyttp8c.vod.126.net/vodkgeyttp8/J2gnZqYs_1718442260_shd.mp4?wsSecret=6cb7834d6a3e83a965b7b8ad8c046058&wsTime=1540086652'), ('26', 'shortvideo', 'D95ADE958FBC44F1281DBBBE1B806A1F', '房东的猫《仓颉》「热夏」巡演现场，心怡妹子又紧张了', 'http://p2.music.126.net/crtP1eHNspCO2oEY0YWVdg==/109951163572644993.jpg?param=159y90', 'https://music.163.com/video?id=D95ADE958FBC44F1281DBBBE1B806A1F', 'http://vodkgeyttp9c.vod.126.net/vodkgeyttp8/E3rWelIe_17382250_shd.mp4?wsSecret=aa54e9d36da8b0cf5fe75d45c96fe54f&wsTime=1540086654'), ('27', 'shortvideo', '4D1A02D2562B6C0389BB158132F3506B', '云烟成雨 房东的猫', 'http://p2.music.126.net/eZxv8vy7rp6pucZ1lLwe8w==/109951163574279825.jpg?param=159y90', 'https://music.163.com/video?id=4D1A02D2562B6C0389BB158132F3506B', 'http://vodkgeyttp9c.vod.126.net/vodkgeyttp8/UBQjAMuN_1946574794_shd.mp4?wsSecret=06cf00f6ecfa1d44d0ef14f9a1ea19d8&wsTime=1540086656'), ('28', 'shortvideo', '3E3A99A98A227ACBB66832A36DD53F86', '听房东的猫唱《不知归期的故人》，要选个静谧的地方静静去听！', 'http://p2.music.126.net/hBYP7cBnN1A00nPBdB8_gg==/109951163572723161.jpg?param=159y90', 'https://music.163.com/video?id=3E3A99A98A227ACBB66832A36DD53F86', 'http://vodkgeyttp8.vod.126.net/vodkgeyttp8/i0m1XBy4_53126652_shd.mp4?wsSecret=c3dbbfc0952b003302a7bd26c501ac0a&wsTime=1540086154'), ('29', 'shortvideo', '9D6F807979F1AFCB7241BE3D65994B4B', '房东的猫《柔软》「由于时间与地域的关系」福州站May.21', 'http://p2.music.126.net/KQJrEpMJ-gfVPMYO33m0Xg==/109951163573575640.jpg?param=159y90', 'https://music.163.com/video?id=9D6F807979F1AFCB7241BE3D65994B4B', 'http://vodkgeyttp9c.vod.126.net/vodkgeyttp8/Ofb0kWWN_1603166786_shd.mp4?wsSecret=93d47f6a40b37bd46ae46a071b4a8680&wsTime=1540086664'), ('30', 'shortvideo', 'F18303BE1BECD6DC8673724A1332E7E1', '《秋酿》-每当谈及青梅竹马，人们总说“你俩“，', 'http://p2.music.126.net/nwqrO8Nhc5Yt_Olg_2g5Rg==/109951163572898899.jpg?param=159y90', 'https://music.163.com/video?id=F18303BE1BECD6DC8673724A1332E7E1', 'http://vodkgeyttp8.vod.126.net/vodkgeyttp8/nsMVtSOZ_147272981_sd.mp4?wsSecret=4f4427166df0bf6896778c2513226a02&wsTime=1540085819'), ('31', 'shortvideo', '7AC1BAF5FDD85CDE4AA42E6643B872BC', '房东的猫翻唱《成都》', 'http://p2.music.126.net/PXUJVUuX9IJuA_TFUgxTyg==/109951163573288205.jpg?param=159y90', 'https://music.163.com/video?id=7AC1BAF5FDD85CDE4AA42E6643B872BC', 'http://vodkgeyttp8.vod.126.net/vodkgeyttp8/ezqu0yTc_1497571519_sd.mp4?wsSecret=04210aa88145971ee1f9e23723899293&wsTime=1540086669'), ('32', 'shortvideo', 'C87A5D7C7B61AB74A6DFA1ED06C75324', '房东的猫《下一站茶山刘》现场版，听一遍就彻底沦陷，不信你试试', 'http://p2.music.126.net/akmkwvhUmgvnQOWxWqHoXA==/109951163572662377.jpg?param=159y90', 'https://music.163.com/video?id=C87A5D7C7B61AB74A6DFA1ED06C75324', 'http://vodkgeyttp8.vod.126.net/vodkgeyttp8/GoNCxRm2_23605557_shd.mp4?wsSecret=9f0545a24df4941b16aced0846d3f0b8&wsTime=1540086633'), ('33', 'shortvideo', '7803AD907F9BB5B78538EE51D05602A7', '房东的猫 同名儿歌', 'http://p2.music.126.net/4lJ_21I5f_hoxLuLgy1l9A==/109951163573686864.jpg?param=159y90', 'https://music.163.com/video?id=7803AD907F9BB5B78538EE51D05602A7', 'http://vodkgeyttp9c.vod.126.net/vodkgeyttp8/tyWtiNh7_1664158471_shd.mp4?wsSecret=b965634c940c0c1ba87cf8f6b3e7eff4&wsTime=1540086674'), ('34', 'shortvideo', '42418B0BC85EB338C938399DDF3F4339', '房东的猫现场翻唱《斑马，斑马》，不一样的味道，值得单曲循环！', 'http://p2.music.126.net/WVxpC3uksVDMO2Xq-u-9Fg==/109951163572696985.jpg?param=159y90', 'https://music.163.com/video?id=42418B0BC85EB338C938399DDF3F4339', 'http://vodkgeyttp8c.vod.126.net/vodkgeyttp8/ECTwhrKr_39689420_shd.mp4?wsSecret=38e319d88572b490fbe2a34cedf0a885&wsTime=1540086076'), ('35', 'shortvideo', '08FBFFDF1CED66D3CF27974E4F48B424', '房东的猫《下一站茶山刘》由于时间与地域的关系 福州站', 'http://p2.music.126.net/YUE74a-LE5KU4uYIocrqRQ==/109951163573573307.jpg?param=159y90', 'https://music.163.com/video?id=08FBFFDF1CED66D3CF27974E4F48B424', 'http://vodkgeyttp8c.vod.126.net/vodkgeyttp8/kg6rrWT9_1603168263_shd.mp4?wsSecret=22fd38f4215aa82c18dfc7aa71ed8156&wsTime=1540086678'), ('36', 'shortvideo', 'EC66366F208304C6E352B6B175ADE050', '【房东的猫】简情歌', 'http://p2.music.126.net/tx_rqL82C6DOmm6-JNDy0A==/109951163573299301.jpg?param=159y90', 'https://music.163.com/video?id=EC66366F208304C6E352B6B175ADE050', 'http://vodkgeyttp8.vod.126.net/vodkgeyttp8/OZUMVqmF_1501571726_hd.mp4?wsSecret=427658376f5c598be4c32befd8073e25&wsTime=1540086605'), ('37', 'shortvideo', '20D3C97B760032A7D01EDFBD403AF4EB', '慵懒的嗓音！比起房东的猫，这个版本更成熟！', 'http://p2.music.126.net/FEMlg6TgGQZ2K45xDJWxNg==/109951163574295926.jpg?param=159y90', 'https://music.163.com/video?id=20D3C97B760032A7D01EDFBD403AF4EB', 'http://vodkgeyttp9c.vod.126.net/vodkgeyttp8/wLNj2hPY_1957897408_shd.mp4?wsSecret=e3a25d3166947fc91a74c29b66e4c508&wsTime=1540086682'), ('38', 'shortvideo', 'D34B395A7BBD93B0C34F8C2FF9817EF5', '房东的猫《云烟成雨》-喵了个艺尤克里里弹唱教学', 'http://p2.music.126.net/DChCyX55-45qvJLiYyqsFQ==/109951163612035715.jpg?param=159y90', 'https://music.163.com/video?id=D34B395A7BBD93B0C34F8C2FF9817EF5', 'http://vodkgeyttp8c.vod.126.net/vodkgeyttp8/afRa5e85_2055565860_shd.mp4?wsSecret=765d1e437c43a14f599a2e10e53cfff7&wsTime=1540086684'), ('39', 'shortvideo', '7E20B5A3A23D78629FC5B80086492A9F', '《爱你就像爱生命》一想到你，我就泛起微笑，', 'http://p2.music.126.net/89C20Pqsk6ZR_7klTyvunA==/109951163572897882.jpg?param=159y90', 'https://music.163.com/video?id=7E20B5A3A23D78629FC5B80086492A9F', 'http://vodkgeyttp9c.vod.126.net/vodkgeyttp8/XEB0x3Io_147289925_shd.mp4?wsSecret=e1414736e2787b53547d447595920823&wsTime=1540086687'), ('40', 'mv', '10738147', '房东的猫、鹿先森等音乐人加盟录制《音乐好朋友》第二季', 'http://p1.music.126.net/rd60t69b3GCgfRovPmsF9g==/109951163418053510.jpg?param=159y90', 'https://music.163.com/mv?id=10738147', 'http://vodkgeyttp8.vod.126.net/cloudmusic/1e39/mv/925e/c5506bdee7d9ad4e75d44426b71eba5f.mp4?wsSecret=66a2a3e9ec5619c3002e2962667bdd07&wsTime=1540086689'), ('41', 'mv', '5553004', '《音乐后现场》独家跟拍预告片', 'http://p1.music.126.net/BL19uokfjbKuILXVGyyegw==/18947883881633134.jpg?param=159y90', 'https://music.163.com/mv?id=5553004', 'http://vodkgeyttp8.vod.126.net/cloudmusic/MGQwIjAgNGAwMCQgMTEgIA==/mv/5553004/e906d5fea8fb3fa4ecfda99d5b3d8912.mp4?wsSecret=c7b2d86250285cafe9ba688759245d7b&wsTime=1540086691'), ('42', 'shortvideo', '64F56D10984573AEC4EB0DD8F3F0CA8E', '房东的猫《房东的猫》「由于时间与地域的关系」福州站', 'http://p1.music.126.net/RRWyY8IBYE2aOQaRUDy1TA==/109951163573576124.jpg?param=159y90', 'https://music.163.com/video?id=64F56D10984573AEC4EB0DD8F3F0CA8E', 'http://vodkgeyttp8c.vod.126.net/vodkgeyttp8/DDt5dILj_1603169435_shd.mp4?wsSecret=9121ec9f0b8e3baeb94d607eb2f8444c&wsTime=1540086693'), ('43', 'shortvideo', 'D417F94E855B0D8558A4D39D0A6D2E10', '房东的猫《美好事物》「由于时间与地域的关系」福州站', 'http://p1.music.126.net/E6Kqq7maA7j_SKUfnYJQ9g==/109951163573572398.jpg?param=159y90', 'https://music.163.com/video?id=D417F94E855B0D8558A4D39D0A6D2E10', 'http://vodkgeyttp8.vod.126.net/vodkgeyttp8/8xADeLYD_1603170311_shd.mp4?wsSecret=ea56a9070b5eacf52564a6a8cf96cf0a&wsTime=1540085990'), ('44', 'shortvideo', 'F954DA239AFB98DFFF4BE4C21334A1FF', '房东的猫《斑马斑马》+《蜗牛的家》现场', 'http://p2.music.126.net/GYXaJeIYPnFacycKWo88bQ==/109951163572996250.jpg?param=159y90', 'https://music.163.com/video?id=F954DA239AFB98DFFF4BE4C21334A1FF', 'http://vodkgeyttp8.vod.126.net/vodkgeyttp8/Ub3HkgJj_157744488_shd.mp4?wsSecret=a785683b9fa0c3831f71c5e21edbac64&wsTime=1540086430'), ('45', 'shortvideo', '2454B5A12EC3D151DF57B9BA36DC1470', '房东的猫 2018觉醒音乐祭单曲《白》现场', 'http://p2.music.126.net/WNwwK3SDJ_eAl2uJC4ncaA==/109951163573894435.jpg?param=159y90', 'https://music.163.com/video?id=2454B5A12EC3D151DF57B9BA36DC1470', 'http://vodkgeyttp8c.vod.126.net/vodkgeyttp8/73d94GMB_1755125526_shd.mp4?wsSecret=7644de66a3c887d9365c5e5b3cc63cc6&wsTime=1540086699'), ('46', 'shortvideo', 'E63D656EE85FE6509854BDF45594E94F', '秋酿-房东的猫 【黑面桑翻唱】', 'http://p2.music.126.net/8ziZzGBdUbIGIcLLdXBi1Q==/109951163574038497.jpg?param=159y90', 'https://music.163.com/video?id=E63D656EE85FE6509854BDF45594E94F', 'http://vodkgeyttp8c.vod.126.net/vodkgeyttp8/hu9UdguL_1820511883_shd.mp4?wsSecret=a80f5f50f3fe4c1fcf5b37648f672dc2&wsTime=1540086702'), ('47', 'shortvideo', 'CF00434BF1CD179DDBFAA66D0FD1B73D', '房东的猫《云烟成雨》现场版', 'http://p2.music.126.net/dXkK4CzT469U38N-_f7Q1w==/109951163604704301.jpg?param=159y90', 'https://music.163.com/video?id=CF00434BF1CD179DDBFAA66D0FD1B73D', 'http://vodkgeyttp9c.vod.126.net/vodkgeyttp8/ymOmmxPu_2046455959_shd.mp4?wsSecret=e84d25579d147d6232ec2adea9395b7b&wsTime=1540086704'), ('48', 'shortvideo', 'AD3FD370BF7750DC3207AFA857422461', '房东的猫-秋娘', 'http://p2.music.126.net/cNubk21-gva1mLaD_KvSUA==/109951163572850057.jpg?param=159y90', 'https://music.163.com/video?id=AD3FD370BF7750DC3207AFA857422461', 'http://vodkgeyttp9c.vod.126.net/cloudmusic/6a8d7f5f51b822ce2a05a0a6d60ae699.mp4?wsSecret=5252804342e1ef0788efec13d7593ca1&wsTime=1540086706'), ('49', 'shortvideo', '375BA782961B05F0782F13BDB2B61E5F', '房东的猫《简情歌》由于时间与地域的关系 福州站 May.21', 'http://p2.music.126.net/f-zfzlTwFaKyWAfAPSS7ZQ==/109951163573519304.jpg?param=159y90', 'https://music.163.com/video?id=375BA782961B05F0782F13BDB2B61E5F', 'http://vodkgeyttp8c.vod.126.net/vodkgeyttp8/PBBlON16_1600148834_shd.mp4?wsSecret=32d85bd8b296a12a97dbedfc42846a8d&wsTime=1540086708'), ('50', 'shortvideo', '537F810B24E6212E016F191B3E07A2B9', '房东的猫《美好事物》现场版，词曲十分优美，听一遍就会爱上', 'http://p2.music.126.net/w2DTGofqYMMBPOrsnYO-NQ==/109951163572651794.jpg?param=159y90', 'https://music.163.com/video?id=537F810B24E6212E016F191B3E07A2B9', 'http://vodkgeyttp8.vod.126.net/vodkgeyttp8/ixxqUIrz_17379284_shd.mp4?wsSecret=44e5311fc69cf79ef2bb50a59211dba3&wsTime=1540086426'), ('51', 'shortvideo', '330B0D58B6651A82810B8FC0248A758C', '房东的猫《不知归期的路人》由于时间与地域的关系 福州站', 'http://p2.music.126.net/Ybj8CjacCXJvDqxecpPQrw==/109951163573573274.jpg?param=159y90', 'https://music.163.com/video?id=330B0D58B6651A82810B8FC0248A758C', 'http://vodkgeyttp8c.vod.126.net/vodkgeyttp8/M78JKjo9_1603169844_shd.mp4?wsSecret=06dd52e232f09f597a8f7d01ac693cfc&wsTime=1540086711'), ('52', 'shortvideo', 'C419B12B8BE753B9C9ADAAA656860917', '房东的猫《云烟成雨》「由于时间与地域的关系」福州站', 'http://p2.music.126.net/VWfxOu_W8lkEox7e5KjWxQ==/109951163573513497.jpg?param=159y90', 'https://music.163.com/video?id=C419B12B8BE753B9C9ADAAA656860917', 'http://vodkgeyttp9c.vod.126.net/vodkgeyttp8/BGYxySy3_1600195408_shd.mp4?wsSecret=0190e9e2db56db32b75c3b8f7167ccb5&wsTime=1540086716'), ('53', 'shortvideo', '6BC06ED86839C0469587BA02E17C8CAC', '房东的猫版本的《青春修炼手册》，跟着我左手……', 'http://p2.music.126.net/SG8WuhDuVcqVXe0wgqifvg==/109951163573021677.jpg?param=159y90', 'https://music.163.com/video?id=6BC06ED86839C0469587BA02E17C8CAC', 'http://vodkgeyttp8.vod.126.net/vodkgeyttp8/Pd6YxFnr_1312409122_shd.mp4?wsSecret=e5a5079b5a35107e389ccee017ee0ab1&wsTime=1540086041'), ('54', 'mv', '10752216', '《音乐好朋友2》鹿先森&实力加盟先导片', 'http://p1.music.126.net/lSOW70ZAduhj-8FKj4n6fA==/109951163442386115.jpg?param=159y90', 'https://music.163.com/mv?id=10752216', 'http://vodkgeyttp8.vod.126.net/cloudmusic/70cb/mv/c1bb/95a46c854474e852eb35a8fbb7925899.mp4?wsSecret=2aa70ad6cb28c3946fc2f3ae8522849c&wsTime=1540086721'), ('55', 'shortvideo', 'D6EE9B916FA1466B6C09A700925E349A', '贵阳草莓音乐节 美好事物', 'http://p2.music.126.net/vUPk47H-759eKmgq3o9mwQ==/109951163574260964.jpg?param=159y90', 'https://music.163.com/video?id=D6EE9B916FA1466B6C09A700925E349A', 'http://vodkgeyttp8.vod.126.net/vodkgeyttp8/5P5jMLk8_1935416882_shd.mp4?wsSecret=a514362cf4f855f7173422a7e43aedca&wsTime=1540086011'), ('56', 'shortvideo', '11697A3CD5F198607AA4D4C7E2F04F28', '房东的猫《八月十五》「由于时间与地域的关系」福州站', 'http://p2.music.126.net/FrLWrSU3qzIJQCUplb6Xog==/109951163573574771.jpg?param=159y90', 'https://music.163.com/video?id=11697A3CD5F198607AA4D4C7E2F04F28', 'http://vodkgeyttp8c.vod.126.net/vodkgeyttp8/IMr5DkL5_1603171752_shd.mp4?wsSecret=c4cedd70b5d9cd9b61419c003e576e8f&wsTime=1540086725'), ('57', 'shortvideo', 'BF45F526BF1C9468F2E8C513C082199F', '看个deca joins的现场竟然来了？真是惊喜！', 'http://p2.music.126.net/cCCZgYthx5lNY4gjKPWt5w==/109951163573236412.jpg?param=159y90', 'https://music.163.com/video?id=BF45F526BF1C9468F2E8C513C082199F', 'http://vodkgeyttp8c.vod.126.net/vodkgeyttp8/C9UZdbg2_1384570776_shd.mp4?wsSecret=65f40a399a344c5f04114417959c9980&wsTime=1540086726'), ('58', 'shortvideo', '23A8E2E036A9BCD11A1A3B1C39BBADB8', '【耳机版】3DO音效《云烟成雨》', 'http://p2.music.126.net/x6QzWlMIQ5w8ECLBpge3vw==/109951163573512559.jpg?param=159y90', 'https://music.163.com/video?id=23A8E2E036A9BCD11A1A3B1C39BBADB8', 'http://vodkgeyttp8c.vod.126.net/vodkgeyttp8/pXvoYNeF_1594078512_shd.mp4?wsSecret=12b76831db9bd60ca8a9d673285e6e87&wsTime=1540086367'), ('59', 'shortvideo', 'DD6BEE57649E70D4DF58505F5B671506', '美好事物-房东的猫', 'http://p2.music.126.net/3J8xcEE_hkhy4bjwZRjFNQ==/109951163587711692.jpg?param=159y90', 'https://music.163.com/video?id=DD6BEE57649E70D4DF58505F5B671506', 'http://vodkgeyttp8c.vod.126.net/vodkgeyttp8/IdzP3StJ_2020801998_shd.mp4?wsSecret=fc883cfd08995b81886521c8d20cad71&wsTime=1540086731'), ('60', 'shortvideo', '4415EC4C9E84A35C5DDBC466DC4CE885', '房东的猫 厦门站《所以来吧》小黑忘词', 'http://p2.music.126.net/wcIZAFllyvzpXmSB2DCNlQ==/109951163573809363.jpg?param=159y90', 'https://music.163.com/video?id=4415EC4C9E84A35C5DDBC466DC4CE885', 'http://vodkgeyttp8.vod.126.net/vodkgeyttp8/tv7leUAN_1715650699_shd.mp4?wsSecret=c5c965ded721015aaeb098eebb8ff0fe&wsTime=1540086222'), ('61', 'shortvideo', 'ABB3766171AE90F7CD0451C75DFCFDE4', '〈云烟成雨／房东的猫〉尤克里里弹唱教学 白熊音乐', 'http://p1.music.126.net/Y4mqsGgroM-5oet62SIABw==/109951163573861316.jpg?param=159y90', 'https://music.163.com/video?id=ABB3766171AE90F7CD0451C75DFCFDE4', 'http://vodkgeyttp8.vod.126.net/vodkgeyttp8/Jn1db3BS_1728938950_shd.mp4?wsSecret=5e512a929ab08fa41fa48836bd61452e&wsTime=1540086300'), ('62', 'mv', '10751156', '《音乐好朋友2》鹿先森&友爱合作', 'http://p1.music.126.net/FZ1ooSzA_ExZ2mFghc_Ftw==/109951163439980980.jpg?param=159y90', 'https://music.163.com/mv?id=10751156', 'http://vodkgeyttp8.vod.126.net/cloudmusic/1844/mv/db77/f86d67cd06e1265dc3ed57d2ff10e820.mp4?wsSecret=9f8feb630a0dd03c679e805ce8ca60ef&wsTime=1540086738'), ('63', 'shortvideo', '5B84B471BEF5009C1363AAD33FA2FDED', '房東的貓-美好事物 live 06/30 嘉義文化創意產業園區', 'http://p1.music.126.net/UBeYXNFwzeBhv8gsbJs4Yw==/109951163574110308.jpg?param=159y90', 'https://music.163.com/video?id=5B84B471BEF5009C1363AAD33FA2FDED', 'http://vodkgeyttp9c.vod.126.net/vodkgeyttp8/Sp9blakx_1851679849_shd.mp4?wsSecret=d64f1c6b6f30ad358a4c68a39614d408&wsTime=1540086740'), ('64', 'mv', '5965155', '云村听歌会 第2期 先导片', 'http://p1.music.126.net/3dsk-ghDkya2dHf5LNQOKA==/109951163436469387.jpg?param=159y90', 'https://music.163.com/mv?id=5965155', 'http://vodkgeyttp8.vod.126.net/cloudmusic/ITAgMCAwMCAwITAiISAmMQ==/mv/5965155/619222ade5a4d3c39d2bdf8ace7986f6.mp4?wsSecret=7b5c68fbad43c830b01ecced98f4ea6b&wsTime=1540086742'), ('65', 'shortvideo', '745314E2409E93DEB6A35C774BCCFFF9', '即兴钢琴改编房东的猫《云烟成雨》', 'http://p1.music.126.net/Mvl2Cubv83ieoab56kA9qw==/109951163574313539.jpg?param=159y90', 'https://music.163.com/video?id=745314E2409E93DEB6A35C774BCCFFF9', 'http://vodkgeyttp8c.vod.126.net/vodkgeyttp8/e0IiXAXR_1962407119_shd.mp4?wsSecret=11f632c822de17eff206db0ae24b6a95&wsTime=1540086744'), ('66', 'shortvideo', 'CA169DA1A9170B80A4570D2C90255B76', '房东的猫巡演现场版云烟成雨:总会有那么些遗憾', 'http://p1.music.126.net/ptHhSbDr6tm1x343qeyV8Q==/109951163608132889.jpg?param=159y90', 'https://music.163.com/video?id=CA169DA1A9170B80A4570D2C90255B76', 'http://vodkgeyttp8c.vod.126.net/vodkgeyttp8/MeaQFvVm_2052309040_shd.mp4?wsSecret=f8e427ba4da4b30960c038c4ba0404e5&wsTime=1540086746'), ('67', 'shortvideo', 'CC16B90D6B468D5C5351BE9C95BD745A', '房东的猫《如常》「由于时间与地域的关系」福州站May.21', 'http://p1.music.126.net/G6mA2HlLCSBylzTkTKTjyw==/109951163573576020.jpg?param=159y90', 'https://music.163.com/video?id=CC16B90D6B468D5C5351BE9C95BD745A', 'http://vodkgeyttp8c.vod.126.net/vodkgeyttp8/TYbwBanP_1600077193_shd.mp4?wsSecret=e81caf84375c2bfc9d5fec43388b7d7a&wsTime=1540086749'), ('68', 'shortvideo', 'D2E830AC3329E361A39FD7F28C69AFD8', '房东的猫《云烟成雨》dudu手语音乐', 'http://p1.music.126.net/1X76CkJmRxC0SyndjDKuOw==/109951163573618994.jpg?param=159y90', 'https://music.163.com/video?id=D2E830AC3329E361A39FD7F28C69AFD8', 'http://vodkgeyttp8c.vod.126.net/vodkgeyttp8/0ve2wzpZ_1633654751_shd.mp4?wsSecret=1b8eba39f86bc627164081602e25677f&wsTime=1540086751'), ('69', 'shortvideo', 'CABA2364DDB0715C2EF7803A8B4D2F79', '让人心陷下去的—房东的猫', 'http://p1.music.126.net/UINq9OiuwofR2iX_cezdPQ==/109951163573280416.jpg?param=159y90', 'https://music.163.com/video?id=CABA2364DDB0715C2EF7803A8B4D2F79', 'http://vodkgeyttp9c.vod.126.net/vodkgeyttp8/22XQIlrp_1495943133_sd.mp4?wsSecret=36a6e3d0fc5272e3314590e2810ab63f&wsTime=1540086753'), ('70', 'shortvideo', '34CDB6E47CE273A65F07DB28FCBF32DB', '隔壁家有一只《房东的猫》，它的声音，你喜欢吗？', 'http://p1.music.126.net/ObkF98AdqjJXBzKOTmPJmQ==/109951163573980716.jpg?param=159y90', 'https://music.163.com/video?id=34CDB6E47CE273A65F07DB28FCBF32DB', 'http://vodkgeyttp9c.vod.126.net/vodkgeyttp8/XR12YXHD_1788112019_shd.mp4?wsSecret=9a91a108abcc11cd42d48d2aefb8838b&wsTime=1540086755'), ('71', 'shortvideo', 'CBE1CD2A7365AE2ACE33B05C94C7E5EB', '房东的猫《简情歌》重庆现场版', 'http://p1.music.126.net/xe3dWgcRYzfYppktAy6s0Q==/109951163574190623.jpg?param=159y90', 'https://music.163.com/video?id=CBE1CD2A7365AE2ACE33B05C94C7E5EB', 'http://vodkgeyttp8c.vod.126.net/vodkgeyttp8/huQZTKed_1891461627_shd.mp4?wsSecret=683e3a8e32bf93502c02e04f9b75ac90&wsTime=1540086757'), ('72', 'shortvideo', '602B363FDAF440F8822EBF59AECA71CC', '【房东的猫】【热夏】恋爱的犀牛', 'http://p1.music.126.net/i3P7cXqx3tvO7EEj6LRbkw==/109951163573116155.jpg?param=159y90', 'https://music.163.com/video?id=602B363FDAF440F8822EBF59AECA71CC', 'http://vodkgeyttp8c.vod.126.net/vodkgeyttp8/vOpKBq1C_1347526063_shd.mp4?wsSecret=ea384244a577a5f6ac5072b1fe2f5c4d&wsTime=1540086759'), ('73', 'shortvideo', '26494B5EFC4B9EF67D1DE7B91CE290D4', '房东的猫唱《房东的猫》，2017四季巡演”秋酿“篇现场，好听Cry', 'http://p1.music.126.net/ggwTvTqdUNur_znDwcIRRA==/109951163572665753.jpg?param=159y90', 'https://music.163.com/video?id=26494B5EFC4B9EF67D1DE7B91CE290D4', 'http://vodkgeyttp8c.vod.126.net/vodkgeyttp8/Nn9XFavM_23860106_shd.mp4?wsSecret=8ecb5ff6bed90419f5de51b1b175e75f&wsTime=1540086762'), ('74', 'shortvideo', 'ADE0F206AEA9E1C5FD66DED4DC768F09', '斑马斑马—房东的猫深圳现场', 'http://p1.music.126.net/iMp75mXCNpiTbRRxbOH2KQ==/109951163573162947.jpg?param=159y90', 'https://music.163.com/video?id=ADE0F206AEA9E1C5FD66DED4DC768F09', 'http://vodkgeyttp8.vod.126.net/vodkgeyttp8/Yf2dBXRp_1367571600_shd.mp4?wsSecret=1f6478ab15ac4b8d11ea84ee8ff1e98a&wsTime=1540086434'), ('75', 'shortvideo', 'E3A8A76B1DA47C4625786D2B3F8E2F06', '房东的猫《独一》「由于时间与地域的关系」福州站May.21', 'http://p1.music.126.net/Abdq76tcTs-nZow4sGUqUw==/109951163573574654.jpg?param=159y90', 'https://music.163.com/video?id=E3A8A76B1DA47C4625786D2B3F8E2F06', 'http://vodkgeyttp8c.vod.126.net/vodkgeyttp8/d9Q869Mr_1603170370_shd.mp4?wsSecret=f3d63eaa3503e1ee27910b82a6295a67&wsTime=1540086766'), ('76', 'shortvideo', '10A0A73C5B311AA8D658A8201B5C3200', '【房东的猫】【热夏】斑马，斑马', 'http://p1.music.126.net/zPycFIN-C04piXdb-es2Cg==/109951163573126419.jpg?param=159y90', 'https://music.163.com/video?id=10A0A73C5B311AA8D658A8201B5C3200', 'http://vodkgeyttp8.vod.126.net/vodkgeyttp8/cjEdDVO4_1355061995_shd.mp4?wsSecret=e8340d21ae68ec35ebbfe1e2c0bc65a1&wsTime=1540086440'), ('77', 'shortvideo', '03337A036ADCB5194FFB06EA4D50DF9B', '〈云烟成雨〉 房东的猫 / 尤克里里指弹演示', 'http://p1.music.126.net/rSGZhJMF23uVkBO_6-KypQ==/109951163574078827.jpg?param=159y90', 'https://music.163.com/video?id=03337A036ADCB5194FFB06EA4D50DF9B', 'http://vodkgeyttp9c.vod.126.net/vodkgeyttp8/YBORzInx_1836352370_shd.mp4?wsSecret=23e2ff3df50af154dd14f39fe1eb8506&wsTime=1540086770'), ('78', 'shortvideo', '617E3D6FDA384514FD514DF0D25A77B2', '《斑马斑马》还记得吗？“房东的猫”成名前翻唱的歌曲', 'http://p1.music.126.net/2akuPiSm8aOwGCUstV-1ow==/109951163573681857.jpg?param=159y90', 'https://music.163.com/video?id=617E3D6FDA384514FD514DF0D25A77B2', 'http://vodkgeyttp8c.vod.126.net/vodkgeyttp8/rt1SzeU4_1668978156_shd.mp4?wsSecret=72dc1d204c91b82322ee481195e18f86&wsTime=1540086772'), ('79', 'shortvideo', 'C03F6BAEC745885B8B56CD89FC93FDE8', '房东的猫-美好事物 听过最清澈的', 'http://p1.music.126.net/eo3D9C4YV1nxONgHQASKgQ==/109951163572720913.jpg?param=159y90', 'https://music.163.com/video?id=C03F6BAEC745885B8B56CD89FC93FDE8', 'http://vodkgeyttp8.vod.126.net/vodkgeyttp8/RBb4ZVMz_55156148_shd.mp4?wsSecret=e90e74c8858a5d582a57c56732c7b9a0&wsTime=1540086011'), ('80', 'shortvideo', 'F4CE8C4EA07EA59D7C514DC6D23C729A', '云烟成雨 房东的猫', 'http://p1.music.126.net/P3fTVSRzZQtt7otQ2dYdmA==/109951163574154873.jpg?param=159y90', 'https://music.163.com/video?id=F4CE8C4EA07EA59D7C514DC6D23C729A', 'http://vodkgeyttp9c.vod.126.net/vodkgeyttp8/M3bhggU7_1875308226_shd.mp4?wsSecret=01c0aad97ffef326d890c2c3857cfc77&wsTime=1540086776'), ('81', 'shortvideo', '10E89473AFBC38B472630E593ED872CC', '房东的猫', 'http://p1.music.126.net/VYj6-qRfkYAV_x8HIPW9zA==/109951163573784638.jpg?param=159y90', 'https://music.163.com/video?id=10E89473AFBC38B472630E593ED872CC', 'http://vodkgeyttp8.vod.126.net/vodkgeyttp8/EMjhsEsB_1705238200_sd.mp4?wsSecret=712f3de40ffd5c9cbb50834c23025b42&wsTime=1540086760'), ('82', 'shortvideo', 'B69374513DB9D2A130206021BE9A3632', '房东的猫《所以来吧》现场版，就这样被两个94年的小姑娘俘虏了！', 'http://p1.music.126.net/oLMlLHwB61doQl3csvm-jw==/109951163572624473.jpg?param=159y90', 'https://music.163.com/video?id=B69374513DB9D2A130206021BE9A3632', 'http://vodkgeyttp8c.vod.126.net/vodkgeyttp8/WHUBXvD8_12044892_shd.mp4?wsSecret=b86ddc2817ee5cc32eef4d2f14e5e646&wsTime=1540086780'), ('83', 'shortvideo', '59AC39B041DE72F471AD7EAA0219901D', '房东的猫 6.10 成都专场 - 云烟成雨 LIVE', 'http://p1.music.126.net/gpVYoprySSo-k4LxnR2-4Q==/109951163573741167.jpg?param=159y90', 'https://music.163.com/video?id=59AC39B041DE72F471AD7EAA0219901D', 'http://vodkgeyttp8c.vod.126.net/vodkgeyttp8/5li8w3oL_1692755446_shd.mp4?wsSecret=ad0632d0734343b0eb7cbd5e8127d20f&wsTime=1540086782'), ('84', 'shortvideo', 'E4D4710E019630B2635A2D5421E6F381', '房东的猫 - 云烟成雨', 'http://p1.music.126.net/c5MmRDx0cBZxlhwuNMx_9Q==/109951163586605356.jpg?param=159y90', 'https://music.163.com/video?id=E4D4710E019630B2635A2D5421E6F381', 'http://vodkgeyttp8c.vod.126.net/vodkgeyttp8/j8kUyw6Q_2020880723_shd.mp4?wsSecret=99281d0def3920624a55e5e04fe89b39&wsTime=1540086785'), ('85', 'shortvideo', '4917D25110481879A73EBD93F8C49C23', '房东的猫江城民谣音乐节现场演唱《下一站茶山刘》，声音格外好听', 'http://p1.music.126.net/zuZBRPl5ENUSoKHeIto_Ag==/109951163572712579.jpg?param=159y90', 'https://music.163.com/video?id=4917D25110481879A73EBD93F8C49C23', 'http://vodkgeyttp8.vod.126.net/vodkgeyttp8/psPEm6Uy_44577844_shd.mp4?wsSecret=951c7e90e9448abebf6c433769f93e29&wsTime=1540086618'), ('86', 'shortvideo', 'C7A17A7583C997EC25319E4F99F7E2A5', '【房东的猫】蜗牛的家和斑马斑马', 'http://p1.music.126.net/6R1IoiZxa3_Ovrduj66T_A==/109951163572785562.jpg?param=159y90', 'https://music.163.com/video?id=C7A17A7583C997EC25319E4F99F7E2A5', 'http://vodkgeyttp8c.vod.126.net/vodkgeyttp8/aZOzNrki_102607426_shd.mp4?wsSecret=6e748b4f76ecaac018c4071680dd7348&wsTime=1540086791'), ('87', 'shortvideo', '1CEB221D2E0630C35CE1877EFB7A6776', '房东的猫《等我们老了，就定居在重庆》', 'http://p1.music.126.net/_KWytvqWEBBRE1X-p8fvQg==/109951163573832480.jpg?param=159y90', 'https://music.163.com/video?id=1CEB221D2E0630C35CE1877EFB7A6776', 'http://vodkgeyttp8c.vod.126.net/vodkgeyttp8/dUPSoPST_1718557383_shd.mp4?wsSecret=edf4f90c707ed1784192076f51c41844&wsTime=1540086793'), ('88', 'shortvideo', 'CE2FB27F9883C974D3C1DFAA6EE324A9', '房东的猫《美好事物》', 'http://p1.music.126.net/AdMcsLtyTHwRESddMlJxCQ==/109951163591766999.jpg?param=159y90', 'https://music.163.com/video?id=CE2FB27F9883C974D3C1DFAA6EE324A9', 'http://vodkgeyttp9c.vod.126.net/vodkgeyttp8/IKnmA1Ey_2027763176_shd.mp4?wsSecret=1cdb23c74b343a6385230a483c92816e&wsTime=1540086795'), ('89', 'shortvideo', '2C77FB3A6F8B33EF627E16DEC1210334', '当房东的猫遇上动漫，看完你想去重庆吗？', 'http://p1.music.126.net/4hHR_twIJ3PGVLruuU6vvg==/109951163572974495.jpg?param=159y90', 'https://music.163.com/video?id=2C77FB3A6F8B33EF627E16DEC1210334', 'http://vodkgeyttp9c.vod.126.net/vodkgeyttp8/MgwH0hdo_1293973039_shd.mp4?wsSecret=61a35e9eddbc63892b09a7975ad41b0d&wsTime=1540086797'), ('90', 'shortvideo', 'CBAE361F3C4EF4FC38DA7274BC5ECF29', '【翻唱】房东的猫《云烟成雨》动画《我是江小白》片尾曲', 'http://p1.music.126.net/OcsLUrBVKcLEREI8gRMEDg==/109951163573972317.jpg?param=159y90', 'https://music.163.com/video?id=CBAE361F3C4EF4FC38DA7274BC5ECF29', 'http://vodkgeyttp8c.vod.126.net/vodkgeyttp8/krpnNANc_1785107660_sd.mp4?wsSecret=d251eea2368c3a3573628b40371297c6&wsTime=1540086800'), ('91', 'shortvideo', 'FA5F742945D3BFD1B71A106EDC56F9F7', '房东的猫《秋酿》现场版，心怡妹子一开口，心都融化了！', 'http://p1.music.126.net/A0s6wei24aZovLdBCSg3Rg==/109951163572660452.jpg?param=159y90', 'https://music.163.com/video?id=FA5F742945D3BFD1B71A106EDC56F9F7', 'http://vodkgeyttp8.vod.126.net/vodkgeyttp8/Neta97PN_23856744_shd.mp4?wsSecret=08ecf48084d16931ba13664767689e20&wsTime=1540086490'), ('92', 'shortvideo', 'A6E6AC495356E11F2A11BE3E72DE936E', '房东的猫《八月十五》小黑太可爱了', 'http://p1.music.126.net/sL11JhUek9pJ3JQkjX-ycg==/109951163574032487.jpg?param=159y90', 'https://music.163.com/video?id=A6E6AC495356E11F2A11BE3E72DE936E', 'http://vodkgeyttp8c.vod.126.net/vodkgeyttp8/CpI0jrZy_1817406903_shd.mp4?wsSecret=d0cbe7c1b6e788dbc25c3d1f4daa5abf&wsTime=1540086804'), ('93', 'shortvideo', 'B4EF6D9DC04E7435C4B47DAFAC617E83', '房东的猫《美好事物》2017四季巡演”秋酿“篇现场，抚慰心灵！', 'http://p2.music.126.net/59lGKsKvQRx7ZSrtZFzSTA==/109951163572665723.jpg?param=159y90', 'https://music.163.com/video?id=B4EF6D9DC04E7435C4B47DAFAC617E83', 'http://vodkgeyttp9c.vod.126.net/vodkgeyttp8/USIWqcNE_23856698_shd.mp4?wsSecret=3a1bdc6dbc0517e70bbc4a729c54286f&wsTime=1540086807'), ('94', 'shortvideo', '161E21A9A2C2771387096F0F8B5EAC6B', '房东的猫《秋酿》', 'http://p2.music.126.net/3j747y5hhurdo8hFFiJk_A==/109951163573859599.jpg?param=159y90', 'https://music.163.com/video?id=161E21A9A2C2771387096F0F8B5EAC6B', 'http://vodkgeyttp9c.vod.126.net/vodkgeyttp8/CuBQqNvz_1718642904_shd.mp4?wsSecret=b73e139b945270a645aaf3245e492bdc&wsTime=1540086809'), ('95', 'shortvideo', '5129B29F1C1B8E8BB4BB8A8F979E933D', '【房东的猫】【热夏】短叹', 'http://p2.music.126.net/NV9bHtNsbsaZhrK7cNNWFA==/109951163573134014.jpg?param=159y90', 'https://music.163.com/video?id=5129B29F1C1B8E8BB4BB8A8F979E933D', 'http://vodkgeyttp9c.vod.126.net/vodkgeyttp8/LtBqmhuh_1355172714_shd.mp4?wsSecret=a18f334bc79704f6bcee06f7baefd4a8&wsTime=1540086811'), ('96', 'shortvideo', '7643984DA72AFB0717AFC7BB7816680C', '【独家】即兴弹唱房东的猫《美好事物》', 'http://p2.music.126.net/KIv_NAoObp_jasg3axwpFg==/109951163593086198.jpg?param=159y90', 'https://music.163.com/video?id=7643984DA72AFB0717AFC7BB7816680C', 'http://vodkgeyttp9c.vod.126.net/vodkgeyttp8/F4E6CLsk_1962376993_shd.mp4?wsSecret=e7bdda947616492352253ba301291085&wsTime=1540086813'), ('97', 'shortvideo', 'BB1EDAA25C810C4D2D170A3C9136B003', '房东的猫 你是我最愚蠢的一次浪漫 8.10重庆站', 'http://p2.music.126.net/RVkYQ222d4tsIRwUajGSPg==/109951163574162880.jpg?param=159y90', 'https://music.163.com/video?id=BB1EDAA25C810C4D2D170A3C9136B003', 'http://vodkgeyttp9c.vod.126.net/vodkgeyttp8/GlR0VUEY_1878700137_shd.mp4?wsSecret=412088e2002ee24a8db3489a3ec21b4b&wsTime=1540086815'), ('98', 'shortvideo', '44A20C71FDB3C1E9E72E68A05B455214', '房东的猫《秋酿》「由于时间与地域的关系」福州站May.21', 'http://p2.music.126.net/9NBVvheK3sVHlGzwrJySvg==/109951163573573287.jpg?param=159y90', 'https://music.163.com/video?id=44A20C71FDB3C1E9E72E68A05B455214', 'http://vodkgeyttp8c.vod.126.net/vodkgeyttp8/BeL5J2Z9_1603060842_shd.mp4?wsSecret=564f9e1ac56abc215f9907cbed8d8109&wsTime=1540086817'), ('99', 'shortvideo', '3CECB7CFF792DCCD62C25F9EA69B24E7', '房东的猫-你是我最愚蠢的一次浪漫', 'http://p2.music.126.net/sXTAFsm1rKiqB-N2baYTNg==/109951163571370072.jpg?param=159y90', 'https://music.163.com/video?id=3CECB7CFF792DCCD62C25F9EA69B24E7', 'http://vodkgeyttp9c.vod.126.net/vodkgeyttp8/IUMT5hCP_2000602853_shd.mp4?wsSecret=0ad258078eaf29299c3f70d867c5eae9&wsTime=1540086819'), ('100', 'shortvideo', '0F1225B812E02062B162E5D73F90AFE9', '【Live】房东的猫《你是我最愚蠢的一次浪漫》-2017天津', 'http://p2.music.126.net/PhyGPkZ_tvszq_xCMgkELQ==/109951163572787740.jpg?param=159y90', 'https://music.163.com/video?id=0F1225B812E02062B162E5D73F90AFE9', 'http://vodkgeyttp8c.vod.126.net/vodkgeyttp8/CVOIAmQS_107999618_shd.mp4?wsSecret=0204ecaa4fc293815d8f9b0131da599b&wsTime=1540086821'), ('101', 'shortvideo', '107204A4657F6048B7272F87634F5267', '简情歌—房东的猫深圳现场', 'http://p2.music.126.net/h2SD3Se-tTFgEDcTmwO58w==/109951163573178796.jpg?param=159y90', 'https://music.163.com/video?id=107204A4657F6048B7272F87634F5267', 'http://vodkgeyttp9c.vod.126.net/vodkgeyttp8/dqJAmUjP_1367552249_shd.mp4?wsSecret=712245c99e5a458be0e2d712b01de9e5&wsTime=1540086823'), ('102', 'shortvideo', '743A8C6278ED263BBAE5C78BC25039CB', '房东的猫《下一站茶山刘》现场版，听一遍就彻底上瘾，个人最爱！', 'http://p2.music.126.net/uZ9MckZ1kecWluvxz9lqOQ==/109951163572805930.jpg?param=159y90', 'https://music.163.com/video?id=743A8C6278ED263BBAE5C78BC25039CB', 'http://vodkgeyttp8c.vod.126.net/vodkgeyttp8/8Y0mZChI_118080764_shd.mp4?wsSecret=152e61c230e6b9507d883a6be98dfa81&wsTime=1540086825'), ('103', 'shortvideo', '1658EFF86887BE9BE6D360A33A07A5F8', '房东的猫——美好事物', 'http://p2.music.126.net/j46j4_FoEevIy5PvXI3MMQ==/109951163573392570.jpg?param=159y90', 'https://music.163.com/video?id=1658EFF86887BE9BE6D360A33A07A5F8', 'http://vodkgeyttp8c.vod.126.net/vodkgeyttp8/ibylgIXu_1528579267_hd.mp4?wsSecret=80e0693382a329c72acaf875534c981d&wsTime=1540086827'), ('104', 'shortvideo', '238BD25C31F4F2F7720FA6B0EFCA963C', '房东的猫《远去的飞鸟》「由于时间与地域的关系」福州站', 'http://p2.music.126.net/ql_6PxTodWRJa619W8kT6A==/109951163573578559.jpg?param=159y90', 'https://music.163.com/video?id=238BD25C31F4F2F7720FA6B0EFCA963C', 'http://vodkgeyttp9c.vod.126.net/vodkgeyttp8/ZD2wB8RQ_1603167891_shd.mp4?wsSecret=ae27fad6d3f3ce59a4342811440f68d6&wsTime=1540086829'), ('105', 'shortvideo', 'BFDC32844F2B2DFC73E2D3D1F8ECB924', '房东的猫', 'http://p2.music.126.net/zCEdN3A3vH4XeFBVJ3Kw4A==/109951163573748283.jpg?param=159y90', 'https://music.163.com/video?id=BFDC32844F2B2DFC73E2D3D1F8ECB924', 'http://vodkgeyttp9c.vod.126.net/vodkgeyttp8/NWVUE0X8_1698519668_sd.mp4?wsSecret=171d37ee838f69bca342d06481bd66a9&wsTime=1540086832'), ('106', 'shortvideo', 'DD187EB5215A56A236DF332ABCAAA395', '房东的猫巡演演出《不知归期的故人》', 'http://p2.music.126.net/h7u5K7Pyok-yCWDzr3m9sg==/109951163572707557.jpg?param=159y90', 'https://music.163.com/video?id=DD187EB5215A56A236DF332ABCAAA395', 'http://vodkgeyttp9c.vod.126.net/vodkgeyttp8/wDsxZOwy_38857618_hd.mp4?wsSecret=01c4c1acef95527c30623031a964dc4e&wsTime=1540086614'), ('107', 'shortvideo', 'CB51A9CDAECBB26C901A9C483B23996D', '白—房东的猫深圳现场', 'http://p2.music.126.net/aAtd8eprSCE2C-upHR7ePQ==/109951163573168943.jpg?param=159y90', 'https://music.163.com/video?id=CB51A9CDAECBB26C901A9C483B23996D', 'http://vodkgeyttp9c.vod.126.net/vodkgeyttp8/mN0DotMx_1367559301_shd.mp4?wsSecret=2c59e12f2f1474a6a30bfd75e758d967&wsTime=1540086837'), ('108', 'shortvideo', 'F54E9377A26362F2DC3D4FDC826F2454', '房东的猫', 'http://p2.music.126.net/uQ2PQJOHjJ8LCYrZFc-cQg==/109951163573743992.jpg?param=159y90', 'https://music.163.com/video?id=F54E9377A26362F2DC3D4FDC826F2454', 'http://vodkgeyttp8.vod.126.net/vodkgeyttp8/hZ4d9kID_1698521372_sd.mp4?wsSecret=1329ab36a96f17788c5ad0908b11f265&wsTime=1540086361'), ('109', 'shortvideo', '944C538BFAFFD6703A84D923FDF59D68', '房东的猫《独一》2017四季巡演”秋酿“篇，听一遍就彻底爱上了！', 'http://p2.music.126.net/LQDAx5Spm-7-qKlJhunljg==/109951163572670953.jpg?param=159y90', 'https://music.163.com/video?id=944C538BFAFFD6703A84D923FDF59D68', 'http://vodkgeyttp8c.vod.126.net/vodkgeyttp8/c6Z7ybQd_29143700_shd.mp4?wsSecret=14f923bdcd841f52b6b34b0f5f3854da&wsTime=1540086842'), ('110', 'shortvideo', '71C7243D3C6A61372A3F46A663795FD6', '房东的猫在上海简单生活节演唱《往往》', 'http://p2.music.126.net/5en5akdQ6m4hm0JCiNwdUw==/109951163572678658.jpg?param=159y90', 'https://music.163.com/video?id=71C7243D3C6A61372A3F46A663795FD6', 'http://vodkgeyttp8c.vod.126.net/vodkgeyttp8/ke2XmakA_28999933_shd.mp4?wsSecret=b3fc84f0726f2b55c6baf5d79b245923&wsTime=1540086844'), ('111', 'shortvideo', '6C9BE437DD9545B86A0F74BC544EA6AE', '这是你想要的生活吗 cover', 'http://p2.music.126.net/iTBscwvxbK5w9rBIPNUYpg==/109951163574232261.jpg?param=159y90', 'https://music.163.com/video?id=6C9BE437DD9545B86A0F74BC544EA6AE', 'http://vodkgeyttp9c.vod.126.net/vodkgeyttp8/hKNvob4O_1915500869_shd.mp4?wsSecret=b06a4a08312ed5eac0a6dd6fcd6b5af5&wsTime=1540086847'), ('112', 'shortvideo', '2F743043263C61F11F017713A267B839', '如常—房东的猫深圳现场', 'http://p2.music.126.net/5Ewz4Je80ut3EStckKyoHg==/109951163573169828.jpg?param=159y90', 'https://music.163.com/video?id=2F743043263C61F11F017713A267B839', 'http://vodkgeyttp8c.vod.126.net/vodkgeyttp8/HdEpcWSg_1367570937_shd.mp4?wsSecret=9208d7dadfaf1156e536f95413e64438&wsTime=1540086851'), ('113', 'shortvideo', 'DFC30B86C61A39642CC6DF05B7A38A20', '八月十五—房东的猫深圳现场', 'http://p2.music.126.net/h6gVdtMtHeC6AgCI4otNSA==/109951163573177123.jpg?param=159y90', 'https://music.163.com/video?id=DFC30B86C61A39642CC6DF05B7A38A20', 'http://vodkgeyttp8.vod.126.net/vodkgeyttp8/5nH3JI5Z_1367565946_shd.mp4?wsSecret=4fd6677727e6e00c67946666770b110d&wsTime=1540086385'), ('114', 'shortvideo', '700D9511816FE840D200E16BD1E4F000', '房东的猫 所以来吧', 'http://p2.music.126.net/uNsXbwjZgId_cxz90GAx3w==/109951163573744427.jpg?param=159y90', 'https://music.163.com/video?id=700D9511816FE840D200E16BD1E4F000', 'http://vodkgeyttp9c.vod.126.net/vodkgeyttp8/dnrjgtBj_1695790476_sd.mp4?wsSecret=b63fea08d5326677104c9b1d995f98ff&wsTime=1540086855'), ('115', 'shortvideo', '7BB21D77D5EA00F17332015BF36B5A0B', '清新民谣组合房东的猫，弹唱暖心民谣', 'http://p2.music.126.net/xu2lTw9EbH4EafwgXsjvcQ==/109951163572902555.jpg?param=159y90', 'https://music.163.com/video?id=7BB21D77D5EA00F17332015BF36B5A0B', 'http://vodkgeyttp8c.vod.126.net/vodkgeyttp8/pgRByPEh_148586925_hd.mp4?wsSecret=91090582c3d1f946620b41362a57283c&wsTime=1540086857'), ('116', 'shortvideo', 'B4D7B16CCB098E04E4BCE6B4FCCF99FA', '房东的猫《云烟成雨》', 'http://p2.music.126.net/lTPoOEFHS9-9FWqQnHzXfw==/109951163574132944.jpg?param=159y90', 'https://music.163.com/video?id=B4D7B16CCB098E04E4BCE6B4FCCF99FA', 'http://vodkgeyttp9c.vod.126.net/vodkgeyttp8/3AZm3TLP_1864132255_shd.mp4?wsSecret=d542020338cb4abd9ffaad36c15b7822&wsTime=1540086859'), ('117', 'shortvideo', '4FF8530940E4365C1F9C23D93BAA4BD0', '房东的猫《等我们老了，就定居在重庆》', 'http://p2.music.126.net/3HeC8EbSUK2HpQksyBAs1Q==/109951163574138260.jpg?param=159y90', 'https://music.163.com/video?id=4FF8530940E4365C1F9C23D93BAA4BD0', 'http://vodkgeyttp9c.vod.126.net/vodkgeyttp8/vQxO8cna_1864101697_shd.mp4?wsSecret=1c04de27323480929a327385523a2388&wsTime=1540086860'), ('118', 'shortvideo', '7704324C41F670FDF8EF67F8185446C2', '房东的猫《美好事物》2017四季巡演”秋酿“篇，心怡妹子好美啊！', 'http://p2.music.126.net/-S07NgASI0FT4YTGAGgzWw==/109951163572681085.jpg?param=159y90', 'https://music.163.com/video?id=7704324C41F670FDF8EF67F8185446C2', 'http://vodkgeyttp8c.vod.126.net/vodkgeyttp8/dwLrcfsH_29128859_shd.mp4?wsSecret=e57888b55b80f44e483b40fe363f5104&wsTime=1540086862'), ('119', 'shortvideo', '26C08AC0EB3568BF0E54580A64B093D4', '2017年上海简单生活节，房东的猫演唱《美好事物》', 'http://p2.music.126.net/i9VIfbPPRT_m5JD3wd2O_Q==/109951163572676554.jpg?param=159y90', 'https://music.163.com/video?id=26C08AC0EB3568BF0E54580A64B093D4', 'http://vodkgeyttp8c.vod.126.net/vodkgeyttp8/2lFAtHCW_27252699_shd.mp4?wsSecret=f5465faa38a3852b22363c0e7d5fdb42&wsTime=1540086864'), ('120', 'shortvideo', '73A280559FACA0DF3C9C3CC9C1C58B63', '往往—房东的猫深圳现场', 'http://p2.music.126.net/PLZNU1lxLaOeaLg0Jd07eA==/109951163573182648.jpg?param=159y90', 'https://music.163.com/video?id=73A280559FACA0DF3C9C3CC9C1C58B63', 'http://vodkgeyttp8c.vod.126.net/vodkgeyttp8/BxgvUzBA_1367563486_shd.mp4?wsSecret=4893090a7ad93fe80baf64f758e59707&wsTime=1540086866'), ('121', 'shortvideo', 'C21E0F69B48DF0591CA20E6F9714F095', '房东的猫《独一》live版8.10重庆文化大剧院补演', 'http://p1.music.126.net/QccmhhNJpe59vqjPxtQEag==/109951163574162176.jpg?param=159y90', 'https://music.163.com/video?id=C21E0F69B48DF0591CA20E6F9714F095', 'http://vodkgeyttp9c.vod.126.net/vodkgeyttp8/d7EJgDQ8_1875513207_shd.mp4?wsSecret=1825e722a900a821c01c3164a04ea356&wsTime=1540086869'), ('122', 'shortvideo', '6D512EF750782AB8714A0DCC9234364B', '不一样的 往往 #房东的猫#', 'http://p1.music.126.net/_XMemg3NSPioN60E3CQ_ZA==/109951163572357836.jpg?param=159y90', 'https://music.163.com/video?id=6D512EF750782AB8714A0DCC9234364B', 'http://vodkgeyttp9c.vod.126.net/cloudmusic/9cced9edb2cb1decbe3f6d9230f6c192.mp4?wsSecret=0d09c9be9e6d1fa42b6bc8709c4fa35d&wsTime=1540086613'), ('123', 'shortvideo', 'BF7A25A18DEBA53B89A41D68A0EA45C8', '房东的猫 云烟成雨', 'http://p1.music.126.net/uEr3CP5kMeACmzIbHLJXTA==/109951163574102143.jpg?param=159y90', 'https://music.163.com/video?id=BF7A25A18DEBA53B89A41D68A0EA45C8', 'http://vodkgeyttp9c.vod.126.net/vodkgeyttp8/RrK3EQeC_1845692175_shd.mp4?wsSecret=613fd47d529576edd10c7395d488b75d&wsTime=1540086875'), ('124', 'shortvideo', '1F687CDE1055691B6D5E72DC54FCED39', '等我们老了，就定居在重庆—深圳现场', 'http://p1.music.126.net/kfzTI94pLplpBrCcCsQdqQ==/109951163573180406.jpg?param=159y90', 'https://music.163.com/video?id=1F687CDE1055691B6D5E72DC54FCED39', 'http://vodkgeyttp9c.vod.126.net/vodkgeyttp8/LP2FDs0C_1367567984_shd.mp4?wsSecret=95202d6975f05c5628e5cbff78d2c100&wsTime=1540086877'), ('125', 'shortvideo', '92D58F520AE34EAE7339E17E586C81D0', '房东的猫 - 秋酿', 'http://p1.music.126.net/SoVi0el1sS6-B9y9erXFQg==/109951163586464835.jpg?param=159y90', 'https://music.163.com/video?id=92D58F520AE34EAE7339E17E586C81D0', 'http://vodkgeyttp9c.vod.126.net/vodkgeyttp8/rXWfhVaZ_2020984832_shd.mp4?wsSecret=3f27bb8268230ea9c452ced4b37fa6c1&wsTime=1540086879'), ('126', 'shortvideo', '1C7A9BB3BF10D539BBE8B24500138A9F', '房东的猫《下一站茶山刘》现场，致敬最好的学生时代', 'http://p1.music.126.net/yLzdbzD1Of8P9Ltn09otRg==/109951163573005145.jpg?param=159y90', 'https://music.163.com/video?id=1C7A9BB3BF10D539BBE8B24500138A9F', 'http://vodkgeyttp8c.vod.126.net/vodkgeyttp8/qh8TdG8W_157747111_shd.mp4?wsSecret=26c16bf653237191ba3b42f671dc67fa&wsTime=1540086881'), ('127', 'shortvideo', '8A6C0BDF1DF086562B712B1613D81FD3', '短叹—房东的猫深圳现场', 'http://p1.music.126.net/YaiSeHq5V_UsUdUe4X9THg==/109951163573193011.jpg?param=159y90', 'https://music.163.com/video?id=8A6C0BDF1DF086562B712B1613D81FD3', 'http://vodkgeyttp9c.vod.126.net/vodkgeyttp8/jvfSMgdG_1367564158_shd.mp4?wsSecret=7766dcbe42531fd0fa855d23db6d5866&wsTime=1540086883'), ('128', 'shortvideo', 'BFE466B02CED0F80D97B8B055B86ADF1', '房东的猫《所以来吧》「由于时间与地域的关系」福州站', 'http://p1.music.126.net/ka86vtNi-5mG8rwFb7wRgQ==/109951163573570707.jpg?param=159y90', 'https://music.163.com/video?id=BFE466B02CED0F80D97B8B055B86ADF1', 'http://vodkgeyttp8c.vod.126.net/vodkgeyttp8/16bULXqX_1599955361_shd.mp4?wsSecret=564e9dae368922a4dfbd13833418bcab&wsTime=1540086885'), ('129', 'shortvideo', '2E542F72E6B3896FEB8A3EF1558F769C', '房东的猫《爱你就像爱生命》', 'http://p1.music.126.net/7ik3fFRgcFrx1DQTaMwRBg==/109951163573385933.jpg?param=159y90', 'https://music.163.com/video?id=2E542F72E6B3896FEB8A3EF1558F769C', 'http://vodkgeyttp9c.vod.126.net/vodkgeyttp8/9uGtT6WX_1526643813_sd.mp4?wsSecret=88064284cc149bf28d2fae33e7d1f96b&wsTime=1540086888'), ('130', 'shortvideo', '17B83035C8D5C58F760651D353BF0E25', '下一站茶山刘 房东的猫', 'http://p1.music.126.net/19STwl2HxBjfL8eQwnXBPw==/109951163574283174.jpg?param=159y90', 'https://music.163.com/video?id=17B83035C8D5C58F760651D353BF0E25', 'http://vodkgeyttp9c.vod.126.net/vodkgeyttp8/vZ2VzEsb_1946683786_shd.mp4?wsSecret=bd636d74ed93b969b345613fab1fdb06&wsTime=1540086889'), ('131', 'shortvideo', '7A506FC93C9C7F6096428EEABF7C9AC4', '《秋酿》房东的猫 在青春里错过的一段以为美好的爱情', 'http://p1.music.126.net/mTtI098OUt5i86cOtIAydg==/109951163573612651.jpg?param=159y90', 'https://music.163.com/video?id=7A506FC93C9C7F6096428EEABF7C9AC4', 'http://vodkgeyttp8c.vod.126.net/vodkgeyttp8/mPYBsaoT_1626695553_shd.mp4?wsSecret=75d32a8745b5146b34914168d5b7bd4f&wsTime=1540086891'), ('132', 'shortvideo', '2F02BB26FDF5B49A3CFE94F27E68A693', '房东的猫现场演绎《短叹》，好清新', 'http://p1.music.126.net/Ze281-vzGkrEvtZlI-3COw==/109951163572655694.jpg?param=159y90', 'https://music.163.com/video?id=2F02BB26FDF5B49A3CFE94F27E68A693', 'http://vodkgeyttp9c.vod.126.net/cloudmusic/105d89551ec933e08feff5b0a142d2e6.mp4?wsSecret=b5648dae6455ad290d6bb3be3240449a&wsTime=1540086898'), ('133', 'shortvideo', 'C9281E053EC1150637E3D24A1AB303B8', '给你温柔 尤克里里弹唱「所以来吧」-', 'http://p1.music.126.net/viqaZvbgoW8KslmVvzGk7w==/109951163572820964.jpg?param=159y90', 'https://music.163.com/video?id=C9281E053EC1150637E3D24A1AB303B8', 'http://vodkgeyttp9c.vod.126.net/vodkgeyttp8/5JhaY7tc_127622512_shd.mp4?wsSecret=9e28bf6a08edb19920d22caf0609558b&wsTime=1540086900'), ('134', 'shortvideo', '6CDA3209770140AA4FB1949309A0CE9E', '房东的猫《如常》重庆现场版', 'http://p1.music.126.net/nCFhVSaTKVyZXMWCzBO8iw==/109951163574192067.jpg?param=159y90', 'https://music.163.com/video?id=6CDA3209770140AA4FB1949309A0CE9E', 'http://vodkgeyttp8.vod.126.net/vodkgeyttp8/4dFEOpKo_1891532433_shd.mp4?wsSecret=a6176672f3359e3963764cac9bd55be4&wsTime=1540086233'), ('135', 'shortvideo', '5E4A3CF65384BEA5E4CB4DF0876ABD8E', '小黑的老年迪斯科-蹦迪房东的猫', 'http://p1.music.126.net/mlg5NDM3TDYGgy_iPY-5zw==/109951163604765529.jpg?param=159y90', 'https://music.163.com/video?id=5E4A3CF65384BEA5E4CB4DF0876ABD8E', 'http://vodkgeyttp9c.vod.126.net/vodkgeyttp8/7DsETk5N_2046642149_shd.mp4?wsSecret=e0820ef5b8a2bf7c8cdcc4c9ebf10104&wsTime=1540086905'), ('136', 'shortvideo', 'E4A06B6964928F0FEEB5BE7467BD524F', '房东的猫《所以来吧》重庆现场版', 'http://p1.music.126.net/Ntg275gf0sj_wM1eTM-_ZQ==/109951163574189645.jpg?param=159y90', 'https://music.163.com/video?id=E4A06B6964928F0FEEB5BE7467BD524F', 'http://vodkgeyttp8c.vod.126.net/vodkgeyttp8/dnq1fpdR_1891395707_shd.mp4?wsSecret=efe9cba1e415a609c715c3716a64d5ae&wsTime=1540087179'), ('137', 'shortvideo', '5FBA66708BDCEFF8EB514E83D493D5CC', '房东的猫 白', 'http://p1.music.126.net/2n9wPGIDoy-EZwHfXeXtsA==/109951163574104554.jpg?param=159y90', 'https://music.163.com/video?id=5FBA66708BDCEFF8EB514E83D493D5CC', 'http://vodkgeyttp8c.vod.126.net/vodkgeyttp8/raxgQnSx_1845682382_shd.mp4?wsSecret=6dd1ba34d12daff460feb262749a9c99&wsTime=1540087181'), ('138', 'shortvideo', 'C62CC939084279002F74C6287ECE123F', '秋酿—房东的猫深圳现场', 'http://p1.music.126.net/pLCgh8g-ibHeT8CLuyEwxA==/109951163573191125.jpg?param=159y90', 'https://music.163.com/video?id=C62CC939084279002F74C6287ECE123F', 'http://vodkgeyttp9c.vod.126.net/vodkgeyttp8/QaE0CgGV_1367566695_shd.mp4?wsSecret=f342a5a94951da3741d85f5504ab46f8&wsTime=1540087183'), ('139', 'shortvideo', '0040EC59B3A4FA1B865DA209CB449888', '#房东的猫# 房东的猫《柔软》', 'http://p1.music.126.net/SJ5_RWRQXJpNrs8e64Go7Q==/109951163573846986.jpg?param=159y90', 'https://music.163.com/video?id=0040EC59B3A4FA1B865DA209CB449888', 'http://vodkgeyttp8c.vod.126.net/vodkgeyttp8/QDNNY7ea_1718739861_shd.mp4?wsSecret=c6215a5768b6bbdb520d4f1d01050d53&wsTime=1540087186'), ('140', 'shortvideo', 'B771BFE79F26610FFC0759F0A910B6AD', '柔软—房东的猫深圳现场', 'http://p1.music.126.net/IQzGqaduFslI3INqIDna2Q==/109951163573176523.jpg?param=159y90', 'https://music.163.com/video?id=B771BFE79F26610FFC0759F0A910B6AD', 'http://vodkgeyttp8c.vod.126.net/vodkgeyttp8/hPhlL61u_1367562417_shd.mp4?wsSecret=6cfdd08de544ef5c51a1782d1040a7cc&wsTime=1540087187'), ('141', 'shortvideo', '506461E18EDC8363E5F39B5BCCFAFED8', '【Live】房东的猫《不知归期的故人》-2017天津', 'http://p1.music.126.net/AajwcHHtH2cZ2q0t1zZygg==/109951163572785353.jpg?param=159y90', 'https://music.163.com/video?id=506461E18EDC8363E5F39B5BCCFAFED8', 'http://vodkgeyttp9c.vod.126.net/vodkgeyttp8/KEgpiRFZ_107995970_shd.mp4?wsSecret=4e3536d5275eec6895074cfdb628d7ef&wsTime=1540087189'), ('142', 'shortvideo', '91C91546ADD5282973333BDE8D96CE39', '房东的猫 不知归期的故人', 'http://p1.music.126.net/zKMR3Gtk753IkNXo2Lu9bQ==/109951163574278741.jpg?param=159y90', 'https://music.163.com/video?id=91C91546ADD5282973333BDE8D96CE39', 'http://vodkgeyttp9c.vod.126.net/vodkgeyttp8/OgS7is7t_1943374412_shd.mp4?wsSecret=5021923fe100d74a877bf4143d8f2517&wsTime=1540087192'), ('143', 'shortvideo', '41BC9E07A034A484537333D53E72772C', '房东的猫-八月十五-西安站', 'http://p1.music.126.net/JRGUDGEDscd2alhoWCEWUg==/109951163572660118.jpg?param=159y90', 'https://music.163.com/video?id=41BC9E07A034A484537333D53E72772C', 'http://vodkgeyttp9c.vod.126.net/cloudmusic/51d5e35839f2abac4f54c8f02acb9624.mp4?wsSecret=f140dbe5f95530e8fb6cf900e62ea4d6&wsTime=1540087194'), ('144', 'shortvideo', '8D429B5A2AD8B18FC9A409D3280A4450', '【房东的猫】【热夏】爱你就像爱生命', 'http://p1.music.126.net/jgYUy51qrzHImwLro9eH1Q==/109951163573112846.jpg?param=159y90', 'https://music.163.com/video?id=8D429B5A2AD8B18FC9A409D3280A4450', 'http://vodkgeyttp8c.vod.126.net/vodkgeyttp8/ChQY07lp_1347538870_shd.mp4?wsSecret=9651bfb820252a0b941df24b74b419c4&wsTime=1540087196'), ('145', 'shortvideo', 'E67208C24E81D046ACC5B4CD47845FE8', '房东的猫', 'http://p1.music.126.net/Cf4VPb9sblaKF_CMOuSbZQ==/109951163573391306.jpg?param=159y90', 'https://music.163.com/video?id=E67208C24E81D046ACC5B4CD47845FE8', 'http://vodkgeyttp9c.vod.126.net/vodkgeyttp8/gIzGav2J_1528594490_hd.mp4?wsSecret=a8925d6c8b9fe8f5bf463938a386242e&wsTime=1540087198'), ('146', 'shortvideo', 'EE50A3EB54FE45722242ECD9CD9F383C', '八月十五——房东的猫', 'http://p1.music.126.net/3whTryg3hMvUCk1JkjsiaA==/109951163573841970.jpg?param=159y90', 'https://music.163.com/video?id=EE50A3EB54FE45722242ECD9CD9F383C', 'http://vodkgeyttp8c.vod.126.net/vodkgeyttp8/vr7dpFro_1719120332_shd.mp4?wsSecret=770e97857de171f97dd846a65e321259&wsTime=1540087199'), ('147', 'shortvideo', '7E34A6515326C9E7910C4D05666EC7C2', '房东的猫《你是我最愚蠢的一次浪漫》重庆现场版', 'http://p1.music.126.net/cUT7HS_BcDWkGECZ43E1Zg==/109951163574182407.jpg?param=159y90', 'https://music.163.com/video?id=7E34A6515326C9E7910C4D05666EC7C2', 'http://vodkgeyttp9c.vod.126.net/vodkgeyttp8/iv6Wyqua_1891503240_shd.mp4?wsSecret=fdeb29b159491eb26852691ce5ba06d3&wsTime=1540087201'), ('148', 'shortvideo', '8F5835741A1C15BAAC35D414B0BA4385', '房东的猫《你是我最愚蠢的一次浪漫》2017天津专场，听到沉醉！', 'http://p1.music.126.net/FQiRzVLVoiIlAv5CR1eiog==/109951163572812745.jpg?param=159y90', 'https://music.163.com/video?id=8F5835741A1C15BAAC35D414B0BA4385', 'http://vodkgeyttp9c.vod.126.net/vodkgeyttp8/cuet3ppJ_118077216_shd.mp4?wsSecret=4eaccafa36b48308e6f8a56965536543&wsTime=1540087203'), ('149', 'shortvideo', '3F754158382902BF7DA5893DE753BBD7', '房东的猫 - 秋酿，2017四季巡演“热夏”篇', 'http://p1.music.126.net/2neUh0WusO0xMuwGLryXmA==/109951163571985375.jpg?param=159y90', 'https://music.163.com/video?id=3F754158382902BF7DA5893DE753BBD7', 'http://vodkgeyttp8c.vod.126.net/cloudmusic/78fb5010daf70713de1b278044fab821.mp4?wsSecret=9759630a29439b474c2d56706d6661cd&wsTime=1540087205'), ('150', 'shortvideo', '76C2CC5DFBDB2301EE180478CB081CED', '上海站“热夏”篇巡演 房东的猫 - 简情歌 LIVE', 'http://p1.music.126.net/c5EMOxKa7AZ6weKi8OvTMw==/109951163573525556.jpg?param=159y90', 'https://music.163.com/video?id=76C2CC5DFBDB2301EE180478CB081CED', 'http://vodkgeyttp8c.vod.126.net/vodkgeyttp8/D7zYTx7E_1597866240_shd.mp4?wsSecret=a616075b17cb223e325139c40d6f6a9b&wsTime=1540087207'), ('151', 'shortvideo', '10AEF06A9FDC7863EEC6819799BDFCB9', '房东的猫-上海简单生活节演唱《你是我最愚蠢的一次浪漫》', 'http://p1.music.126.net/-OLgHbkxa-sTTrh2TuBgMQ==/109951163572691960.jpg?param=159y90', 'https://music.163.com/video?id=10AEF06A9FDC7863EEC6819799BDFCB9', 'http://vodkgeyttp8c.vod.126.net/vodkgeyttp8/f0Q5EEJW_34326561_shd.mp4?wsSecret=cbe7ee0a30e8e43de8a4e087f67bd5ef&wsTime=1540087209'), ('152', 'shortvideo', 'AB9ED72871911CC61F60CBFED7EF57AF', '《云烟成雨》 房东的猫 10.14济南站', 'http://p1.music.126.net/_j7k115kaHvd0ZiB77zv3g==/109951163605206081.jpg?param=159y90', 'https://music.163.com/video?id=AB9ED72871911CC61F60CBFED7EF57AF', 'http://vodkgeyttp9c.vod.126.net/vodkgeyttp8/NzzKGW9L_2048854237_sd.mp4?wsSecret=689b52b78d2cfc906ce86ffe6fb67bb3&wsTime=1540087211'), ('153', 'shortvideo', '3219EEC811578EAA54A83DADF2737237', '房东的猫现场演唱《秋酿》，超好听，有多少人是从这首歌入坑的？', 'http://p1.music.126.net/RVntg6gM6K0uPzB5Yc5cbA==/109951163572667509.jpg?param=159y90', 'https://music.163.com/video?id=3219EEC811578EAA54A83DADF2737237', 'http://vodkgeyttp8c.vod.126.net/vodkgeyttp8/uVxqASAl_21613618_shd.mp4?wsSecret=b34afd1f828e5c9100581efc740521b2&wsTime=1540087213'), ('154', 'shortvideo', '3E4C0DD522D091A24F1A9C40DE159562', '房东的猫', 'http://p1.music.126.net/aO1HdYXMoK_9OBt-Ea938A==/109951163573747250.jpg?param=159y90', 'https://music.163.com/video?id=3E4C0DD522D091A24F1A9C40DE159562', 'http://vodkgeyttp8.vod.126.net/vodkgeyttp8/bfH1DgFH_1695864571_sd.mp4?wsSecret=9da50bc57734e3b344a51ab36e0ddce5&wsTime=1540086932'), ('155', 'shortvideo', 'BFECB701CC2C28CC8FB5CF40B972D80E', '房东的猫', 'http://p1.music.126.net/X8-0iz_60l4XuFLibCtcow==/109951163573780801.jpg?param=159y90', 'https://music.163.com/video?id=BFECB701CC2C28CC8FB5CF40B972D80E', 'http://vodkgeyttp9c.vod.126.net/vodkgeyttp8/zMrzc1KG_1705596878_sd.mp4?wsSecret=f6d8f08acc67cad86bc536e00e12cb0c&wsTime=1540087217'), ('156', 'shortvideo', '3F697A6D68BFD3F60D387F8925F3090E', '【房东的猫】【热夏】秋酿', 'http://p1.music.126.net/9xhW2xowKaopmE-tWTo37Q==/109951163573117309.jpg?param=159y90', 'https://music.163.com/video?id=3F697A6D68BFD3F60D387F8925F3090E', 'http://vodkgeyttp8c.vod.126.net/vodkgeyttp8/aVqTQPQq_1355072473_shd.mp4?wsSecret=31a624c6d9746806b590f99710f60b70&wsTime=1540087219'), ('157', 'shortvideo', '1F517EC826DB55582C7A1B94294DBA22', '房东的猫现场一首《秋酿》，好听极了！', 'http://p1.music.126.net/6-Ba4DwYNhfJn6uhqhNoPQ==/109951163572626873.jpg?param=159y90', 'https://music.163.com/video?id=1F517EC826DB55582C7A1B94294DBA22', 'http://vodkgeyttp9c.vod.126.net/vodkgeyttp8/ljiwnAEx_11991790_shd.mp4?wsSecret=ca446a905113c08d9c430a17fa8b4064&wsTime=1540087220'), ('158', 'shortvideo', 'EF739C54809DEF5DEF4659DFD5DC1474', '房东的猫《独一》重庆现场版', 'http://p1.music.126.net/-hcfCikdHZItBSkmr4_QIA==/109951163574187736.jpg?param=159y90', 'https://music.163.com/video?id=EF739C54809DEF5DEF4659DFD5DC1474', 'http://vodkgeyttp8c.vod.126.net/vodkgeyttp8/SzObycgz_1891431147_shd.mp4?wsSecret=16d542d4ef722e0e4cc423758808b98c&wsTime=1540087223'), ('159', 'shortvideo', '57AC97AD64921A973FD6DDC0C02CF324', '独一—房东的猫深圳现场', 'http://p1.music.126.net/vzDjRaIp_Bp9osgwS4w-8A==/109951163573179148.jpg?param=159y90', 'https://music.163.com/video?id=57AC97AD64921A973FD6DDC0C02CF324', 'http://vodkgeyttp8c.vod.126.net/vodkgeyttp8/sKMaJa0N_1367570849_shd.mp4?wsSecret=0b7b714e3f736fc02abf0c9d065d6e01&wsTime=1540087225'), ('160', 'shortvideo', '2E495F7F68D3CC559452883E798409BF', '房东的猫2018.3.31广州站', 'http://p1.music.126.net/Uzk3RGDi4uDtQ5F_K5Z_-w==/109951163573721235.jpg?param=159y90', 'https://music.163.com/video?id=2E495F7F68D3CC559452883E798409BF', 'http://vodkgeyttp8c.vod.126.net/vodkgeyttp8/PpYzBHgJ_1681341014_shd.mp4?wsSecret=f65b783bef11054183dc074061a7e8f6&wsTime=1540087227'), ('161', 'shortvideo', 'E5A6265B992C60457D222EF79B567A03', '下一站茶山刘—房东的猫深圳现场', 'http://p2.music.126.net/m3f7ezTv-X0dJLI_4en3iA==/109951163573188656.jpg?param=159y90', 'https://music.163.com/video?id=E5A6265B992C60457D222EF79B567A03', 'http://vodkgeyttp8c.vod.126.net/vodkgeyttp8/O7JZ18Bp_1367567439_shd.mp4?wsSecret=d02f3002e5a302defee39939391a83ec&wsTime=1540087229'), ('162', 'shortvideo', 'BEA7484F04D5958B44EFF6738BEC85D7', '【房东的猫】独一', 'http://p2.music.126.net/z3BcWltMehQU2ZIj97DmtQ==/109951163573283213.jpg?param=159y90', 'https://music.163.com/video?id=BEA7484F04D5958B44EFF6738BEC85D7', 'http://vodkgeyttp9c.vod.126.net/vodkgeyttp8/fStLpSmz_1499614733_sd.mp4?wsSecret=4ed7c8319620b923cb74f9ad085f8677&wsTime=1540087231'), ('163', 'shortvideo', '5D0941FC5C97B64CC1B0F291313B7CC1', '不知归期的故人—房东的猫深圳现场', 'http://p2.music.126.net/wk1Al4My-rdLJTXoGs_lMA==/109951163573171223.jpg?param=159y90', 'https://music.163.com/video?id=5D0941FC5C97B64CC1B0F291313B7CC1', 'http://vodkgeyttp9c.vod.126.net/vodkgeyttp8/7C7YqjXE_1367538738_shd.mp4?wsSecret=390ceaf0ba8e7f9062252a1b6154c4ad&wsTime=1540087233'), ('164', 'mv', '10799236', '给妈妈', 'http://p1.music.126.net/Gdnjw-5EoPLmQiyDTrnBbg==/109951163569107684.jpg?param=159y90', 'https://music.163.com/mv?id=10799236', 'http://vodkgeyttp8.vod.126.net/cloudmusic/b8ab/mv/3cd4/3c71ee5a1ff7d2d58bd6874f28dda98d.mp4?wsSecret=7587b035154007eaff99fb65b53e1bdb&wsTime=1540087235'), ('165', 'mv', '5686040', '我是江小白', 'http://p1.music.126.net/OWjPV-OyUZwPNI2_1iYMzg==/109951163046121428.jpg?param=159y90', 'https://music.163.com/mv?id=5686040', 'http://vodkgeyttp8.vod.126.net/cloudmusic/mv/20171019022414/5eada42b-f138-4f57-b93a-434fee85b048/eb0c5d72d56c39d935f35bbee374eec5.mp4?wsSecret=61536ed21a6349f267fc296bfe7db874&wsTime=1540087237'), ('166', 'shortvideo', '9896091229C5BD29C69AEAD1D89DE1E3', '房东的猫经纪人版《云烟成雨》，真的是甜梦里惊醒！', 'http://p2.music.126.net/fGvePuBCVMlNwr1Mr0JDYg==/109951163573681211.jpg?param=159y90', 'https://music.163.com/video?id=9896091229C5BD29C69AEAD1D89DE1E3', 'http://vodkgeyttp9c.vod.126.net/cloudmusic/af77d2536375b18a5f90ba9c788bd611.mp4?wsSecret=6dcd34e05c3ab3b0d0cbfc1765edcab1&wsTime=1540086692'), ('167', 'shortvideo', 'C9350822D715E91D2B10B246247470F7', '房东的猫同名曲《房东的猫》', 'http://p2.music.126.net/rAZLjYKk3rVAknMGL9nmVQ==/109951163600648851.jpg?param=159y90', 'https://music.163.com/video?id=C9350822D715E91D2B10B246247470F7', 'http://vodkgeyttp8.vod.126.net/cloudmusic/dgkcbnz3_2043014291_sd.mp4?wsSecret=b63d7c862a32aaafbfcf3a825b6e3512&wsTime=1540086672'), ('168', 'shortvideo', '2107583B66D7F569F26FF6326CD4861B', '房东的猫主唱小黑live现场超可爱破音', 'http://p2.music.126.net/AaQwgHkpaeron36R7Tt5Xw==/109951163573958112.jpg?param=159y90', 'https://music.163.com/video?id=2107583B66D7F569F26FF6326CD4861B', 'http://vodkgeyttp8.vod.126.net/cloudmusic/9SNzjAEL_1776282062_shd.mp4?wsSecret=5039216b36ca67e6b76dbcea79230d66&wsTime=1540087089'), ('169', 'shortvideo', 'F775D4502820C7D76F77D050FC88538A', '房东的猫翻唱《成都》', 'http://p2.music.126.net/FWQ2ze0R16z-lLpmCkFPZQ==/109951163572612585.jpg?param=159y90', 'https://music.163.com/video?id=F775D4502820C7D76F77D050FC88538A', 'http://vodkgeyttp8.vod.126.net/cloudmusic/d6c08957aefb59224de9c84b816e06b9.mp4?wsSecret=36cd2bf4200532a5f6711439f20309af&wsTime=1540086389'), ('170', 'mv', '5369258', '房东的猫致云音乐网友', 'http://p1.music.126.net/VAK-5qPPN4yr5zTZtAFNoQ==/3443670429937460.jpg?param=159y90', 'https://music.163.com/mv?id=5369258', 'http://vodkgeyttp8.vod.126.net/cloudmusic/NSE1ISQwJDUgMDEkMCImMg==/mv/5369258/48b68094437ffa596d3af7414ff5ef15.mp4?wsSecret=cca8d65fc9886cfe800664ac78576c24&wsTime=1540087247'), ('171', 'shortvideo', '81B4E572FB9C2D46BDFE295114C51C27', '房东的猫<白>小黑破音了真的很可爱', 'http://p2.music.126.net/N0nFezTbgjDVzbz68CWuYA==/109951163587605570.jpg?param=159y90', 'https://music.163.com/video?id=81B4E572FB9C2D46BDFE295114C51C27', 'http://vodkgeyttp8.vod.126.net/cloudmusic/jdK9yBzV_2022734808_shd.mp4?wsSecret=23ed05beeaa781b80377ba90b935e5f3&wsTime=1540086777'), ('172', 'shortvideo', '11A4145E580D5B5E2FA4D6563915E845', '房东的猫live现场小哥哥求婚～帅的雅痞～', 'http://p2.music.126.net/VRj_umn1eICgCKK06lvlWA==/109951163573206287.jpg?param=159y90', 'https://music.163.com/video?id=11A4145E580D5B5E2FA4D6563915E845', 'http://vodkgeyttp8.vod.126.net/cloudmusic/498902b8f93a73863f929758e806f54c.mp4?wsSecret=e2826aed78d0c59e5b91c7e595c3a8fb&wsTime=1540086584'), ('173', 'shortvideo', '11BF0C45D530845328CACFD80E9E9A45', '房东的猫《云烟成雨》', 'http://p2.music.126.net/s9_VYs2Zp3GZ7UlSLVx0vQ==/109951163573623367.jpg?param=159y90', 'https://music.163.com/video?id=11BF0C45D530845328CACFD80E9E9A45', 'http://vodkgeyttp8c.vod.126.net/cloudmusic/QwlEtQiJ_1621722445_shd.mp4?wsSecret=6fdf51a295f596230d46a4814e26dc3d&wsTime=1540087254'), ('174', 'shortvideo', 'D68765A161EABC4EFA71D39F1B0A36D6', '简情歌', 'http://p2.music.126.net/7_dpySHdcwNi9YEtT9nZ9g==/109951163572668020.jpg?param=159y90', 'https://music.163.com/video?id=D68765A161EABC4EFA71D39F1B0A36D6', 'http://vodkgeyttp8.vod.126.net/cloudmusic/10e7774cd67692917d588e5e6d071f4c.mp4?wsSecret=c62550422e90d58782bdcd8f2f6a0e7d&wsTime=1540086759'), ('175', 'shortvideo', '27F00C035700F01D4327704E0E48756E', '房东的猫—云烟成雨“由于时间和地域的关系”', 'http://p2.music.126.net/gQ4m_IcBEzmweep4djPCcA==/109951163573230273.jpg?param=159y90', 'https://music.163.com/video?id=27F00C035700F01D4327704E0E48756E', 'http://vodkgeyttp8.vod.126.net/cloudmusic/11863796ca4d66a602b7bff3bcf8db9d.mp4?wsSecret=db1572db69223c7e5ac597de9a1c99f5&wsTime=1540086466'), ('176', 'shortvideo', 'DD0C8777C108D4D953E86DD1645B7CB0', '房东的猫，10月13日天津派，小黑敲好看鸭', 'http://p1.music.126.net/eTaXe1aqU9QNS8Vj96jo6Q==/109951163603134514.jpg?param=159y90', 'https://music.163.com/video?id=DD0C8777C108D4D953E86DD1645B7CB0', 'http://vodkgeyttp9c.vod.126.net/cloudmusic/OGymuEED_2045945485_shd.mp4?wsSecret=5f15ec3fa9d7c60ca0f5dba2714c3fff&wsTime=1540087261'), ('177', 'shortvideo', 'BF01933BCBD3248E490AC9225C06B32C', '房东的猫翻唱李健《向往》，别有一番味道！', 'http://p1.music.126.net/onhXzgMHkHbnJv-2wNIH4A==/109951163574238011.jpg?param=159y90', 'https://music.163.com/video?id=BF01933BCBD3248E490AC9225C06B32C', 'http://vodkgeyttp8.vod.126.net/cloudmusic/d05e771eb2f0113ee0eb4ccdf3e45dc1.mp4?wsSecret=5187235adb6a30150ff4ccfeba0ab5b4&wsTime=1540086653'), ('178', 'shortvideo', '6D278A030233C53DAF27A9EEEE20BB80', '房东的猫《秋酿》现场版', 'http://p1.music.126.net/MLwFcD_x-Ju14McotE0UdQ==/109951163572645749.jpg?param=159y90', 'https://music.163.com/video?id=6D278A030233C53DAF27A9EEEE20BB80', 'http://vodkgeyttp8.vod.126.net/cloudmusic/9469a24bedf27cd793fd45c399b45ef0.mp4?wsSecret=5625dbff36b67c0b48e04da36cb28878&wsTime=1540086656'), ('179', 'shortvideo', '10EDED70DCD647D1E98CD5565A3F8AA9', '房东的猫 纤橙版纸短情长', 'http://p1.music.126.net/5ZLRK0atuBkbT0tZI_j6BA==/109951163573666547.jpg?param=159y90', 'https://music.163.com/video?id=10EDED70DCD647D1E98CD5565A3F8AA9', 'http://vodkgeyttp8.vod.126.net/cloudmusic/S4F5scIl_1651867855_hd.mp4?wsSecret=85d850e3de6e786082c73f0591e76f6a&wsTime=1540086815');
INSERT INTO `video` VALUES ('180', 'shortvideo', '706AE3ACC802842A9454DCD785C224C7', '房东的猫，没有太多烦恼~ 据说这是现场才有的福利哟', 'http://p1.music.126.net/MmBNgN3dH8Vl7m7lNxObNA==/109951163573709080.jpg?param=159y90', 'https://music.163.com/video?id=706AE3ACC802842A9454DCD785C224C7', 'http://vodkgeyttp8.vod.126.net/cloudmusic/90gisZfD_1673069960_shd.mp4?wsSecret=8c1f9eda62b92b58dcddb1711b788aa2&wsTime=1540086613'), ('181', 'shortvideo', '0ACAC8F6333E944FF9DF18CA2946E267', '房东的猫同名曲《房东的猫》现场版，小黑也太可爱了！', 'http://p1.music.126.net/suVXi7gcds1pkH3kB3-sbA==/109951163614095818.jpg?param=159y90', 'https://music.163.com/video?id=0ACAC8F6333E944FF9DF18CA2946E267', 'http://vodkgeyttp8.vod.126.net/cloudmusic/82a4882d6e35f14111cbe3c3b55d6b8f.mp4?wsSecret=d514e2ed0c31ac4406dc97bdd70cd6fa&wsTime=1540086881'), ('182', 'shortvideo', '350155CA7BB9966B4039E3760AD87769', '房东的猫巡演兰州站-云烟成雨', 'http://p2.music.126.net/XfiuL6qGd6OBWQfczmsPQg==/109951163574320856.jpg?param=159y90', 'https://music.163.com/video?id=350155CA7BB9966B4039E3760AD87769', 'http://vodkgeyttp9c.vod.126.net/cloudmusic/JRthYYlv_1971175345_shd.mp4?wsSecret=b14d87b140e4cc4001f331dba4b06850&wsTime=1540087273'), ('183', 'shortvideo', 'CAB0C1736652E73CAFCAA5CD22B3D729', '房东的猫广州站 同名儿歌《》', 'http://p2.music.126.net/1HjLW7O9ZJ31OfdRxBbA0Q==/109951163573205519.jpg?param=159y90', 'https://music.163.com/video?id=CAB0C1736652E73CAFCAA5CD22B3D729', 'http://vodkgeyttp9c.vod.126.net/cloudmusic/8fccd54dbce4931cff3941d10934cb1c.mp4?wsSecret=1b91f26de8857e03a9600c1fdfa301f1&wsTime=1540087275'), ('184', 'shortvideo', '8C9FE7331621977DB95B7BC0B0E82E1F', '房东的猫-房东的猫 哈尔滨6.1', 'http://p2.music.126.net/GU7pMBDyEUz8deyIRDVE9A==/109951163573633841.jpg?param=159y90', 'https://music.163.com/video?id=8C9FE7331621977DB95B7BC0B0E82E1F', 'http://vodkgeyttp9c.vod.126.net/cloudmusic/gyu6Fi3D_1636003531_shd.mp4?wsSecret=81c98e66995efc6d4878abc13dfcf0a5&wsTime=1540087277'), ('185', 'shortvideo', 'A6AF6AD837A6FBB55E66507D0CA23BFB', '房东的猫的房东的猫', 'http://p2.music.126.net/LlcyKkudSDzahVk_EMmn2w==/109951163601122524.jpg?param=159y90', 'https://music.163.com/video?id=A6AF6AD837A6FBB55E66507D0CA23BFB', 'http://vodkgeyttp9c.vod.126.net/cloudmusic/70VDtH3e_2043666583_shd.mp4?wsSecret=76a335b0623a65d9148bb4c5f175b9b6&wsTime=1540087279'), ('186', 'shortvideo', '449A6BE544EFB143BF3729DACC31DA0B', '房东的猫同名曲《房东的猫》现场版', 'http://p2.music.126.net/sLXt2oyT8JsMAHlFWOAiZg==/109951163573389247.jpg?param=159y90', 'https://music.163.com/video?id=449A6BE544EFB143BF3729DACC31DA0B', 'http://vodkgeyttp8c.vod.126.net/cloudmusic/XRBy4Rg8_1527558324_shd.mp4?wsSecret=05ac229538eff152a058a09a1daf68b0&wsTime=1540087281'), ('187', 'shortvideo', '358E7C9460A93C1136627869720EB96D', '房东的猫杭州站《房东的猫》', 'http://p2.music.126.net/tNncwo1nc4aqegm6XlTUnA==/109951163573245297.jpg?param=159y90', 'https://music.163.com/video?id=358E7C9460A93C1136627869720EB96D', 'http://vodkgeyttp9c.vod.126.net/cloudmusic/4552ee6a67b3a59c64c14e094d8c454f.mp4?wsSecret=735d50251ee8f5fd7a4e966be77a891c&wsTime=1540087286'), ('188', 'shortvideo', '6700EE7666B3C90D4FF6A396863010A0', '房东的猫', 'http://p2.music.126.net/tg9lH0yH9-F33XW1YGfYPg==/109951163572662305.jpg?param=159y90', 'https://music.163.com/video?id=6700EE7666B3C90D4FF6A396863010A0', 'http://vodkgeyttp9c.vod.126.net/cloudmusic/f2f232a3362b067fe822641e90c5eb5d.mp4?wsSecret=ee6bf33326492e913d4c4ca9621b95a9&wsTime=1540087288'), ('189', 'shortvideo', '3A60D7078B6DED009290BE61FD3C0B90', '房东的猫 2018巡演北京站 《》', 'http://p2.music.126.net/knkho_SBSZv_XXQM3SHQpA==/109951163606677232.jpg?param=159y90', 'https://music.163.com/video?id=3A60D7078B6DED009290BE61FD3C0B90', 'http://vodkgeyttp8c.vod.126.net/cloudmusic/BCDxEo3o_2051195087_shd.mp4?wsSecret=d569f5a76b70d5a47a4f9a1cc86d1223&wsTime=1540087290'), ('190', 'shortvideo', '47F061E4D3C255A78B995002740E6C68', '房东的猫6.10成都.远去的飞鸟+', 'http://p2.music.126.net/3CbX3-P-9aA-kfyX2JXDoQ==/109951163573707371.jpg?param=159y90', 'https://music.163.com/video?id=47F061E4D3C255A78B995002740E6C68', 'http://vodkgeyttp8c.vod.126.net/cloudmusic/cbet2LZK_1673059730_shd.mp4?wsSecret=feaee2161e45b77fce5c20ae1927fb3d&wsTime=1540087292'), ('191', 'shortvideo', '4B13AC6D3CF36EEC24DF35AF750E6F6A', '房东的猫《房东的猫》', 'http://p2.music.126.net/svbELIYielDi36r4TAnzGg==/109951163573408434.jpg?param=159y90', 'https://music.163.com/video?id=4B13AC6D3CF36EEC24DF35AF750E6F6A', 'http://vodkgeyttp9c.vod.126.net/cloudmusic/udQnhwGg_1534818171_shd.mp4?wsSecret=445adaf147e7a9a3afb55df3bcad956b&wsTime=1540087294'), ('192', 'shortvideo', 'A15E9BF2464BD5F6729A93815241B70C', '房东的猫4.13 《房东的猫》', 'http://p2.music.126.net/zxmdOaXALuGRuUV9Lps-Yg==/109951163573264355.jpg?param=159y90', 'https://music.163.com/video?id=A15E9BF2464BD5F6729A93815241B70C', 'http://vodkgeyttp9c.vod.126.net/cloudmusic/4a9f54bbe2ad55af41902f91e2608398.mp4?wsSecret=6b4892e7bfec3cd66191d963c5d4af32&wsTime=1540087296'), ('193', 'shortvideo', '0EB9F05B4571C1B3F0704622DC8414A6', '《八月十五》cover房东的猫', 'http://p2.music.126.net/HfRJe0PcZsk82KmbVTBnfA==/109951163573965228.jpg?param=159y90', 'https://music.163.com/video?id=0EB9F05B4571C1B3F0704622DC8414A6', 'http://vodkgeyttp9c.vod.126.net/cloudmusic/bEYFThkx_1781528095_hd.mp4?wsSecret=f0ca4c5ed12e33b1ce6802b3dfa97f4a&wsTime=1540087299'), ('194', 'shortvideo', '96027AF222DB8860EA0D4359FAF866C7', '房东的猫猫猫猫', 'http://p2.music.126.net/RYMZRfy_KuzPQ3Jppv63IA==/109951163573812096.jpg?param=159y90', 'https://music.163.com/video?id=96027AF222DB8860EA0D4359FAF866C7', 'http://vodkgeyttp8c.vod.126.net/cloudmusic/psqAbYhD_1706585894_shd.mp4?wsSecret=62082e75b6ed4d56d4aefb78ff573455&wsTime=1540087301'), ('195', 'shortvideo', 'F0402EA7A277C888EF13A0A5912DB323', '房东的猫 2018巡演上海站 《》', 'http://p2.music.126.net/9t8w_NsTo5_yJg2sI7ecvw==/109951163573762715.jpg?param=159y90', 'https://music.163.com/video?id=F0402EA7A277C888EF13A0A5912DB323', 'http://vodkgeyttp8c.vod.126.net/cloudmusic/Ez11AMry_1695988713_shd.mp4?wsSecret=c5eed7959c42721885bbd290e7d7cf5b&wsTime=1540087304'), ('196', 'shortvideo', 'DE560AAF634E900616F57F499C0011AC', '房东的猫5.20在厦门 只在现场唱的“”', 'http://p2.music.126.net/N1lO03rnR0yMyjwb6NTOPg==/109951163573516614.jpg?param=159y90', 'https://music.163.com/video?id=DE560AAF634E900616F57F499C0011AC', 'http://vodkgeyttp9c.vod.126.net/cloudmusic/XzXC5PNl_1593242836_shd.mp4?wsSecret=e4d64e8e063fe2cee690588a69ce07c0&wsTime=1540087306'), ('197', 'shortvideo', '537F59864E181E20A2590A27216425DA', '房东的猫 房东的猫 2018.4.22 上海', 'http://p2.music.126.net/BuBaMwPf7nMjxyhEg-hBGg==/109951163574069912.jpg?param=159y90', 'https://music.163.com/video?id=537F59864E181E20A2590A27216425DA', 'http://vodkgeyttp9c.vod.126.net/cloudmusic/449vskRF_1833507768_shd.mp4?wsSecret=601c48e5babdccbb60cb40e2aa7d5d03&wsTime=1540087309'), ('198', 'shortvideo', 'FF25F03018A469C1C46F68F1C5FF8589', '房东的猫《房东的猫》', 'http://p2.music.126.net/A9PEzPG3p3qVr2xXQIZNug==/109951163573354659.jpg?param=159y90', 'https://music.163.com/video?id=FF25F03018A469C1C46F68F1C5FF8589', 'http://vodkgeyttp8c.vod.126.net/cloudmusic/WChrPl4M_1515258340_shd.mp4?wsSecret=d59c853060c532ad3402e48254e5718f&wsTime=1540087313'), ('199', 'shortvideo', 'FCD1C3F7041DB4CF3B070CE8A7ECD4D8', '房东的猫《房东的猫》', 'http://p2.music.126.net/biy_hocHhyyGg97vuQzCmA==/109951163573113808.jpg?param=159y90', 'https://music.163.com/video?id=FCD1C3F7041DB4CF3B070CE8A7ECD4D8', 'http://vodkgeyttp9c.vod.126.net/cloudmusic/298de28e95445d6746f307394a615c37.mp4?wsSecret=445f2168674da122a80a3e8a775d5c07&wsTime=1540087314'), ('200', 'shortvideo', 'C0D8D3FB7EB46F992F42852A5605149F', '房东的猫 同名儿歌房东的猫', 'http://p2.music.126.net/6pdxxAlU_hjZcAFGfxuL4w==/109951163573648746.jpg?param=159y90', 'https://music.163.com/video?id=C0D8D3FB7EB46F992F42852A5605149F', 'http://vodkgeyttp8c.vod.126.net/cloudmusic/EwlDFVSm_1637313812_shd.mp4?wsSecret=f3ddea3064ed3840d208aa4e0321c7db&wsTime=1540087316'), ('201', 'shortvideo', '391235CDEB18D82B8950E2E001448074', '房东的猫 房东的猫', 'http://p2.music.126.net/cRheaxyKhCo7Gzr_sNwOsw==/109951163573329533.jpg?param=159y90', 'https://music.163.com/video?id=391235CDEB18D82B8950E2E001448074', 'http://vodkgeyttp8c.vod.126.net/cloudmusic/ii6joABb_1507954364_shd.mp4?wsSecret=814621dd15746176becce20d355df0d4&wsTime=1540087319'), ('202', 'shortvideo', 'FEF0D1AB6D738CBDEB81C02B9D1244C6', '你是我最愚蠢的一次浪漫', 'http://p2.music.126.net/I_ki6eVJfzaX7f80ADKGKg==/109951163572668516.jpg?param=159y90', 'https://music.163.com/video?id=FEF0D1AB6D738CBDEB81C02B9D1244C6', 'http://vodkgeyttp9c.vod.126.net/cloudmusic/2cee305ef263a2cb81732158be181fdf.mp4?wsSecret=ab048dc24436e95f3d467a33eeaee362&wsTime=1540087321'), ('203', 'shortvideo', '5F8B774E3BB6FB3D5590C87990A6523D', '爱你就像爱生命 房东的猫现场片段', 'http://p2.music.126.net/OF_zVFzr0GUzznnX9xUOqw==/109951163572662282.jpg?param=159y90', 'https://music.163.com/video?id=5F8B774E3BB6FB3D5590C87990A6523D', 'http://vodkgeyttp9c.vod.126.net/cloudmusic/8e3454b1ed33cf8bc5c1958ed41fe9c3.mp4?wsSecret=f7a2ec7f1311703f8a1f8d520990d3b1&wsTime=1540087322'), ('204', 'shortvideo', '5A0A70D955D414C70F7DC0E5D47F6D62', '房东的猫石家庄巡演巡演。南湖大道茶山刘和', 'http://p2.music.126.net/MZqdOWVp9cN0IJy5cEpbHw==/109951163575574637.jpg?param=159y90', 'https://music.163.com/video?id=5A0A70D955D414C70F7DC0E5D47F6D62', 'http://vodkgeyttp8c.vod.126.net/cloudmusic/TsjbljDa_2007650061_shd.mp4?wsSecret=0e71349e91eb91b464f67b7f5aa2df0c&wsTime=1540087325'), ('205', 'shortvideo', '2D1847F0AC97DEAC2C55CECC2174237F', '房东的猫《房东的猫》', 'http://p2.music.126.net/6Ofvj3jVvFw4W5DxUmHhNQ==/109951163573192957.jpg?param=159y90', 'https://music.163.com/video?id=2D1847F0AC97DEAC2C55CECC2174237F', 'http://vodkgeyttp8c.vod.126.net/cloudmusic/3981ddb41de532d6dc5cd469cccbd420.mp4?wsSecret=266931a61e66d43ffc443cbdd1ef4678&wsTime=1540087327'), ('206', 'shortvideo', '080A23847D27E325C9006DE0A45D8211', '房东的猫 房东的猫 4/13苏州现场', 'http://p2.music.126.net/p-mA066Zv87-igmw9IHO3A==/109951163573259834.jpg?param=159y90', 'https://music.163.com/video?id=080A23847D27E325C9006DE0A45D8211', 'http://vodkgeyttp8c.vod.126.net/cloudmusic/e49ad5f3880441a47033575c2709e45b.mp4?wsSecret=ad1b787f25d5c6a365b266770c77640c&wsTime=1540087329'), ('207', 'shortvideo', '4ABEAF46D58A52C1BC73FAE5123CA9CA', '房东的猫“秋酿”—《房东的猫》', 'http://p2.music.126.net/HaMQyRfILyQGYs7iaTvhjQ==/109951163574255126.jpg?param=159y90', 'https://music.163.com/video?id=4ABEAF46D58A52C1BC73FAE5123CA9CA', 'http://vodkgeyttp9c.vod.126.net/cloudmusic/X9PMn8Is_1927431166_shd.mp4?wsSecret=b96c25a14437a7e8b668026c0dc48ba2&wsTime=1540087331'), ('208', 'shortvideo', '9CA65365BC451E02BA60CB38678ABF4B', '房东的猫', 'http://p2.music.126.net/xc3I1JY0zyZ1CP7rm3AOCA==/109951163573502033.jpg?param=159y90', 'https://music.163.com/video?id=9CA65365BC451E02BA60CB38678ABF4B', 'http://vodkgeyttp8c.vod.126.net/cloudmusic/MSoiiANe_1595003069_hd.mp4?wsSecret=a8a1dc26b06aceec8988f460db3dbfd6&wsTime=1540087333'), ('209', 'shortvideo', '99338BA2C1E33E6DF64D225FB6BCACF5', '房东的猫《房东的猫》【由于时间和地域的关系】18.5.21', 'http://p2.music.126.net/rUWYL4KAmLjBvNyhSnz-Fw==/109951163573576195.jpg?param=159y90', 'https://music.163.com/video?id=99338BA2C1E33E6DF64D225FB6BCACF5', 'http://vodkgeyttp9c.vod.126.net/cloudmusic/lCOlxjV7_1603608514_shd.mp4?wsSecret=104794dc2864d135ffc58b3b1f82af96&wsTime=1540087334'), ('210', 'shortvideo', '87A5E85D22A196166C80B8FC61E7D8CF', '房东的猫/房东的猫', 'http://p2.music.126.net/VpBDsLwJaAeOT_11E2I5Ag==/109951163573250837.jpg?param=159y90', 'https://music.163.com/video?id=87A5E85D22A196166C80B8FC61E7D8CF', 'http://vodkgeyttp8c.vod.126.net/cloudmusic/06c35c1a35c578da646cb1878e67854d.mp4?wsSecret=25d323bbb67151c14c727cca7335331f&wsTime=1540087336'), ('211', 'shortvideo', '3C74618843D5F18B8AADFCEA218A0E60', '视频为本人私录（侵删致歉）', 'http://p2.music.126.net/qEbUCb-ifjcttojZe1iKBg==/109951163582818869.jpg?param=159y90', 'https://music.163.com/video?id=3C74618843D5F18B8AADFCEA218A0E60', 'http://vodkgeyttp9c.vod.126.net/cloudmusic/hTSqMuz0_2016771991_hd.mp4?wsSecret=402849437c7be1800137352c88a7dc34&wsTime=1540087338'), ('212', 'shortvideo', 'F9A1F361EAE0780D4F9EDE7C8DBD32E7', '说中文的长泽雅美真的好撩人！', 'http://p2.music.126.net/e-34IiKNY_nzrw2kUNMEjg==/109951163573649967.jpg?param=159y90', 'https://music.163.com/video?id=F9A1F361EAE0780D4F9EDE7C8DBD32E7', 'http://vodkgeyttp8c.vod.126.net/cloudmusic/JPDW5ong_1635847926_shd.mp4?wsSecret=7f3a0cb4916679581d57ba25f11af42e&wsTime=1540087340'), ('213', 'shortvideo', '2140277B3E33167AE65F3CB2BA17CE42', '我们的时光', 'http://p2.music.126.net/I8u0SOOdSZxFPuDV6iax-g==/109951163574274057.jpg?param=159y90', 'https://music.163.com/video?id=2140277B3E33167AE65F3CB2BA17CE42', 'http://vodkgeyttp8c.vod.126.net/cloudmusic/Ku3LXlSr_1937977762_shd.mp4?wsSecret=711c9444550da69148e33710072f44c1&wsTime=1540087342'), ('214', 'shortvideo', '459D34AFEF915B1B14E258D41E1EE76F', '吃不到布丁', 'http://p2.music.126.net/Ex--uU0YmOvzFQJfb89VNg==/109951163573983516.jpg?param=159y90', 'https://music.163.com/video?id=459D34AFEF915B1B14E258D41E1EE76F', 'http://vodkgeyttp8c.vod.126.net/cloudmusic/gVpSWLVZ_1788229277_shd.mp4?wsSecret=19633439ec917fa762fc91ad27c647ba&wsTime=1540087345'), ('215', 'shortvideo', 'DEFF0C77646C73301FE438DF7A83CAE4', '疯狂', 'http://p2.music.126.net/AtIyMMHjR1gDf3q2qQ9qaQ==/109951163596393348.jpg?param=159y90', 'https://music.163.com/video?id=DEFF0C77646C73301FE438DF7A83CAE4', 'http://vodkgeyttp9c.vod.126.net/cloudmusic/WL8fgzJ6_2036009838_hd.mp4?wsSecret=bd12c9d1553e06e83c998e0bc9fe8495&wsTime=1540087347'), ('216', 'shortvideo', 'A4A123E60E2B840D4D7DD6A8298A6EF8', '二十岁真是个能改变好多的年纪！', 'http://p2.music.126.net/xVUswY-6t4jFkMCJ_VEuUA==/109951163573406218.jpg?param=159y90', 'https://music.163.com/video?id=A4A123E60E2B840D4D7DD6A8298A6EF8', 'http://vodkgeyttp8c.vod.126.net/cloudmusic/YYmKmn5p_1541443600_shd.mp4?wsSecret=5518be27ed24bb82fd781ddbb4954999&wsTime=1540087349'), ('217', 'shortvideo', 'C652E9EBBF9103EBEDF6A60B9880918F', '十年', 'http://p2.music.126.net/C8yiSlc_ED1WvVv8qLVf_w==/109951163573328128.jpg?param=159y90', 'https://music.163.com/video?id=C652E9EBBF9103EBEDF6A60B9880918F', 'http://vodkgeyttp8c.vod.126.net/cloudmusic/Tr6DA6Q5_1507070100_shd.mp4?wsSecret=5e6f80fa4d095123f3c15cc2dec81b75&wsTime=1540087351'), ('218', 'shortvideo', '6DB313D9719D23501734F0F7BA1B7F90', '在深圳，看看赵雷', 'http://p2.music.126.net/8fUE2eMIXFUo4UpTvyTgSA==/109951163574266264.jpg?param=159y90', 'https://music.163.com/video?id=6DB313D9719D23501734F0F7BA1B7F90', 'http://vodkgeyttp9c.vod.126.net/cloudmusic/QtKnzIkh_1938023416_shd.mp4?wsSecret=765e5de1dd51d1c7b12efe03e15ebf1c&wsTime=1540087353'), ('219', 'shortvideo', '2186C5ADDEA696D62B8287F674374F42', '静静听你唱歌', 'http://p2.music.126.net/E76UTkj5LyUqT7lCWdouvA==/109951163574268227.jpg?param=159y90', 'https://music.163.com/video?id=2186C5ADDEA696D62B8287F674374F42', 'http://vodkgeyttp8c.vod.126.net/cloudmusic/aCPyFu98_1937981986_shd.mp4?wsSecret=8b3550c501590ec7704adce56f1ea60c&wsTime=1540087356'), ('220', 'shortvideo', 'D9A7736558F6F1556D7A4E76E0BF8E67', '“又到了春末的五月”', 'http://p2.music.126.net/4_UXkdcokSLRmaocqlI3Jg==/109951163574266292.jpg?param=159y90', 'https://music.163.com/video?id=D9A7736558F6F1556D7A4E76E0BF8E67', 'http://vodkgeyttp9c.vod.126.net/cloudmusic/ecMiGjjq_1937997652_shd.mp4?wsSecret=01db4ba4d7b3c35e1dc175a42a096372&wsTime=1540087357'), ('221', 'shortvideo', '3F73E09964CD5B881130DDC979B5BCA0', '赵小雷', 'http://p2.music.126.net/BzaxHZgKlRao9lY3z5y-ZA==/109951163574274028.jpg?param=159y90', 'https://music.163.com/video?id=3F73E09964CD5B881130DDC979B5BCA0', 'http://vodkgeyttp9c.vod.126.net/cloudmusic/VCnqfCrK_1937986440_shd.mp4?wsSecret=38f912069db6ba45ca4172946ad596a1&wsTime=1540087360'), ('222', 'shortvideo', '9421420B3131311D678F1AFC9FCABAD3', '南方姑娘向往北方', 'http://p2.music.126.net/1G7JJ1inmJPogFPggtKcvA==/109951163574273557.jpg?param=159y90', 'https://music.163.com/video?id=9421420B3131311D678F1AFC9FCABAD3', 'http://vodkgeyttp9c.vod.126.net/cloudmusic/u8qnG9V3_1938020667_shd.mp4?wsSecret=87c532cac614350679f743a6032b59ac&wsTime=1540087363'), ('223', 'shortvideo', '1D762D351148D55FA77E744F890284B0', '赵雷现场', 'http://p2.music.126.net/RBxo1qm0KK5yQZg4kYSG4w==/109951163574271133.jpg?param=159y90', 'https://music.163.com/video?id=1D762D351148D55FA77E744F890284B0', 'http://vodkgeyttp8c.vod.126.net/cloudmusic/Mf0CpIMc_1938016065_shd.mp4?wsSecret=a4671b046944353d7756c3854bee3f51&wsTime=1540087365'), ('224', 'shortvideo', '58CA2F2A639C79DF398BD1F27B23E3C3', '霓虹人民每个都是声优啊！这段《玛丽与魔女之花》绝了！', 'http://p2.music.126.net/hdojDge5n2alBF41Eibttw==/109951163572734312.jpg?param=159y90', 'https://music.163.com/video?id=58CA2F2A639C79DF398BD1F27B23E3C3', 'http://vodkgeyttp9c.vod.126.net/cloudmusic/acebc9db2caff55500ec2c0fa9dcea28.mp4?wsSecret=f207d178ff9d0e1426f841f233cb21f4&wsTime=1540087367');
COMMIT;

SET FOREIGN_KEY_CHECKS = 1;
